author,rating,title,content,updated_date
Dnd928,1,진짜 다시는,신한 이용안한다 어플사용해보니까 그냥 신한 계좌 내일 은행다서 다없앨꺼다 누가 발로 만들었는지 참 대단하다 ㅡㅡ,2025-07-01T06:15:20-07:00
소원성취하기,3,평가하기,좋아요,2025-07-01T02:57:07-07:00
보엘맘,5,앱평가,빠르고 이해하기 편행ㆍ,2025-07-01T00:25:34-07:00
꼰대 ㅋ,1,아니 왜 쳐안들가지는떼!!!,쓰벌 뭐 어떻게 만들어길래 안드가지냐  우리은행 국민은행은 졸라 잘 드가지는데!!!!!!,2025-06-29T14:20:32-07:00
크므느으르,4,입출금 표시 색상,타은행 어플들은 입금 : 파란색 / 출금 : 빨간색 으로 표시되는데 신한은행은 반대로 되어있어서 헷갈리네요..! 타은행 어플처럼 바꿔주실 수 있는지 문의드립니다!,2025-06-29T00:08:10-07:00
ㅎ 표ㅕㅎ효쵸춏쵸춑ㅅ,4,소비캘린더,메모를할수잇게해주세요,2025-06-28T09:33:14-07:00
벨라97,1,중국이랑 손잡았다며?,"안쓴다 
여러분 중국한테 퍼주는 기업 쓰지마세요",2025-06-26T15:45:48-07:00
봄313,1,카메라,비대면실명인증 하려는데 카메라 권한 허용했는데도 안 켜져요 앱 삭제했다 재설치해도 그러네요,2025-06-23T19:06:21-07:00
픽업캠핑,5,너무너무 편리해요,"신속하고, 간편하고, 너무너무 편리하고 신뢰감이 있어 너무 좋아요…",2025-06-21T18:09:58-07:00
낚였다파닥파닥,1,잡스러운 앱,온갖 쓰잘데기 없는 잡스러운 메뉴들 끼워넣어서 정작 필요한 항목은 찾을수가 없다 신한 카드어플이 진짜 쓰레기 같은데 은행어플도 따라가는즁,2025-06-21T04:23:24-07:00
만두마마,1,신한은행인데 땡겨요 광고함,광고가 너무 많아요. 제 잔고가 얼마 남았는지 확인하려면 광고를 꼭 봐야 하는게 싫습니다. 싫어요. 싫으니까 다시 안보기 누르면 광고가 안뜨게 바꿔주세요. 아니면 저렴한 게임처럼 광고 안보기 유료결제를 만들던가요. 너무 불편하고 별로예요 신한,2025-06-20T20:05:42-07:00
현대그룹명예회장,5,포인트 획득,퀴즈 맞추고 포인트 줘서 너무 좋아요.,2025-06-20T02:14:54-07:00
럭키T,5,좋아요,안정적이고 데이터속도가 빠르고 정확합니다.,2025-06-19T03:20:16-07:00
굿!?z,5,적금,간단하고 좋네요,2025-06-18T22:15:48-07:00
반차풍,1,앱이 너무 느려요,"슈퍼솔로 합쳤으면 이건 빨리 없애던지 해야할 것 같네요
속도도 너무 느려서 사용하기 불편합니다",2025-06-18T18:38:18-07:00
300억복부인,3,클릭이 안돼요,"외화예금 > 상품에 대한 설명 다시 확인 >  중요사항 설명이 클릭이 안돼요

뒤로가기도 안되고 클릭도 안돼요.",2025-06-18T01:44:44-07:00
ㅇ로ㅓ내,1,신분증 인증 미치겄다 ㅋㅋ,이거 인증이 되는거긴 하는건가요 아니면 제 카메라가 이상한 건가요 어두운 배경에 빛번짐 없애라 해서 없앴고 15도로 해서 찍어도 보고 했는데 결국 인증횟수 다써서 볼일을 못보내요 열불납니다 진짜,2025-06-17T19:45:50-07:00
bluesesang,5,첫화면에서 안 넘어가요,"잘 사용했었는데 와이파이로 하면 되는데 모바일애서는 첫화면에서 넘어가질 않습니다.
지우고 다시 설치해도 똑같아요.
모두 최신버전을 유지하고 있습니다.
그래도 잘 사용하고 았습니다.",2025-06-16T17:41:04-07:00
흑자헬스,1,신분증 인식,왜 이따구로밖에 인식못해여? 몇번이나 하게 만드는건지 원 메이저 은행이 되가지고,2025-06-16T08:36:44-07:00
Funny game..,1,1점도 아까운 어플,타은행으로 갈아타는게 정신건강에 좋습니다,2025-06-15T04:32:24-07:00
Archpastafarian,1,이거 한국인이 만든거 같지 않음,"본인명의가 아닌 경우 신분증을 준비해주세요, 본인명의 휴대폰으로 인증할 수 있어요 -> 본인명의 휴대폰으로 인증하기 클릭 -> 본인 휴대폰번호 입력 -> 본인명의가 아닌 경우 신분증을 준비해주세요, 본인명의 휴대폰으로 인증할 수 있어요

이거 외국에 외주준다음에 번역 오류난 모양임 한국인이 만들었으면 이따구일리가 없지",2025-06-14T07:59:28-07:00
가식떨지븅아,1,신한만 써서 홍보하고,다녔는데 뉴스기사에 진짜 중국 ai도입하면 해지할게요..신한ㅁ만 ㄷ믿었는데 ㅠ,2025-06-12T01:53:17-07:00
ㅇㅇㅇㅇ왜중복,1,찾을수가없다,"찾을수가없어 필요한기능을
진짜 어플 기능을 왜 갈수록 조져놓는건지 이해할수가없다
직관적이고 편한 어플이어서 신한썻는데 그거 진짜 너무 옛날말이고 무슨 큐알 인증 버튼하나 찾을수가없어서 스트레스 받게하는게 말이되나",2025-06-11T04:15:20-07:00
신한 안쓸께,1,울화통이 터져서 포기하고 삭제함,못해먹겠다 뭐 다음단계로 넘어가야 뭘하지 주소변경도 앱에서 넘어가질않아서 고객센터 전화해야하고 비대면 인증도 주민등록증 새로 발급받았더니 사진 바꼈다고 안되고. . .그럼 주민등록 분실해 새로 발급받으면 앱에서 까이는거냐 어이가 없네 그냥 내가 앱삭제하고 신한 거래 안할께,2025-06-10T20:28:38-07:00
zmylml,5,최고,편하고 좋아요,2025-06-08T15:45:22-07:00
zookiri,1,신분증 인증,"신분증 인증을 몇 번이나 시도했는데 카메라 자체가 안열리네요 카메라, 마이크 모두 허용해놨는데 거짓말 안 치고 10번은 했습니다. 짜증나서 신한은행 안쓸래요",2025-06-07T16:30:23-07:00
디모당,5,좋아요,좋아요,2025-06-05T22:35:43-07:00
윤이너,1,접속이안되요,제발 신한카드좀 써봅시다;;;;,2025-06-05T02:30:12-07:00
아기라해,1,진짜 인증방식 ㄱㅈ같네요,ㅈㄱㄴ,2025-06-05T02:18:55-07:00
소소맥맥,5,굿,참 편리하고 유익한 앱,2025-06-05T01:28:55-07:00
스파시제로,5,신한,신한은행 늘행복 그자체 너무너무 수많은 일들을 알려줘서 감사합니다 정말고마워요,2025-06-04T23:30:24-07:00
키키키키투쿹,5,좋아요,은행앱인데 재밌는거 많아서 좋아용,2025-06-04T09:07:47-07:00
금성개발,5,신한뱅킹 좋아요,쵝오^^,2025-06-03T23:09:46-07:00
니옌,1,인증 프로세스 재점검 바랍니다.,"마이크 비활성화 시 인증 초기화 > 카메라 비활성화 시 본인인증 초기화 > 영상통화 인증 외 기타 인증 없음 > 해당 시각 인증 불가 > 그 외 기타 오류로 지금 인증문자만 다섯번 보낸 상태인데, 문자 전송 금액 돌려주시나요? 카카오나 토스 같은 금융 선진 어플 프로세스의 편리함 신속함 사용자친화UI 그런 것 바라는 거 아닌데, 이건 좀 심하네요. 하나은행도 새마을금고도 kb국민은행도 우리은행도 이정도는 아니었어요. 신한이 지금껏 써본 시중은행 어플 가운데 제일 프로세스 부진해요. 활성화 및 기타 설정 시 인증 과정 초기화 되지 않도록 수정 요청드려요.",2025-06-03T06:41:36-07:00
yuuuuu_m,1,진짜 최악,"올스타 투표 한번 하는데 뭐 이렇게 동의하고 가입해야할게 많고 앱 들어가서 올스타 투표 페이지 찾는데도 한참 걸리는지,, 그리고 광고랑 알림은 무조건 받아야 투표가능함;; 이건 뭐 거의 야구팬들 올스타 투표 인질잡아서 온갖거 강제 가입하고 광고 동의하게 하는거랑 뭐가 다른거예요??신한은행이 주거래 은행은 아니지만 이미지는 나쁘지 않았는데 투표 끝나면 앱 삭제할거고 앞으로는 안쓸거 같아요. 은행 어플 중에 역대급 최악의 경험임",2025-06-03T01:58:54-07:00
한화이글스똥먹어라,1,진짜 지랄…,인증번호가 안맞는다고 개지랄쇼를함 꺼져,2025-06-02T13:07:05-07:00
잉낑깡,3,인증,카메라가 조금만 인식 되어도 바로 인증하려고 하는데 확인 버튼을 만들어서 누르면 인식하게끔은 못 만드나요? 다른 어플은 이렇게까지 10회 넘어간 적이 없는데요..,2025-06-01T22:20:07-07:00
동대문힙쟁이,1,쓰레기같은 앱,올스타 투표 하나하는데 뭐 이리 동의할기 많아요 그냥 투표 안하고 삭제합니다,2025-06-01T20:13:04-07:00
파파카,3,야구 인기에 탑승해서 앱 팔이를 하려면 잘 만드시던가,"신분증 인증도 잘 안되고 몇번을 인증했는지 모르겠어요
그와중에 투표하려고 들어갔더니 올스타 투표는 뜨지도 않고 앱이 불편해요
기업 이미지 좋게 만들려고 광고하는 거 아닌가요? 신한은행 스폰서 끝나면 바로 탈퇴할듯요",2025-06-01T18:38:42-07:00
Tasatpi,4,편안함,늘 편안한 마음이 생기게 해 주네요,2025-06-01T01:51:13-07:00
센터장아들,5,적금가입시 편했어요,손쉽게 사용할수 있어서 좋았어요,2025-05-31T16:48:19-07:00
ㄱㅅㅎ02,5,촣다,좋아요,2025-05-30T01:12:37-07:00
아 이거 좋아,1,나만안돼?,이건 뭐 며칠째이래,2025-05-28T16:59:51-07:00
노놋콩,1,"36,000원 결제 몬가요?","쏠뱅크 이거 깔았는데 36,000원 애플 결제 됐어요. 사기인가요?",2025-05-27T04:45:44-07:00
걱정인형^^,3,예금가입,예금가입에 몇번이나 확인을 눌러도 그 다음 순서로 넘어가지 않아서 상담사와 통화하는 와중에 넘어가서 좀 황당했습니다,2025-05-27T01:03:26-07:00
별달꽃산물,1,비대면실명인증,아니 설정에서 카메라 허용하고 다 했는데 민증/면허증 뭐 여권 이런 거 누르면 검은화면밖에 안 뜸 ㅋㅋㅋ,2025-05-24T02:36:40-07:00
ㅇㅇ(19.089.88),1,엿같은 시스템,마이크 권한 설정 카메라 설정해줘도 재 설정하라고 떠서 설정 들어가면 다시 해달라고 뜬다.... 하... 카드 혜택 때문에 쓰는거지만 다시쓰기는 싫다,2025-05-23T08:50:52-07:00
Deeew05,1,환전 안됨,지금 환전이 안되는데 저만 그런가요?? 목표 환율 걸어놓고 환전신청하려고 하면 <<필수 입력 항목은 토큰번호 입니다.써니뱅크 환전 거래중 오류가 발생하였습니다.>> 이렇게 몇일동안 계속 뜹니다!!!!,2025-05-22T16:08:01-07:00
이나라현,1,뭔 놈의 앱이 이렇게 많음?,신한은 뭔 어플이 이렇게 많음? 모든 증권사 거의 다 가지고 있지만 주주 몰 들어가려고 다른 어플 다운 받아야하는 경우는 또 처음임 제발 통합 좀 시키세요. 스토어에 신한만 쳐도 파란색 어플이 몇개나 되는지 아시는지…,2025-05-21T20:15:47-07:00
나나노노노너너,4,앱 메인화면,언젠가부터 앱 메인화면 이체버튼이 안눌릴때가 있어요. 다른 버튼은 다 괜찮은데 이체 버튼만 그러네요. 제일 많이 쓰는 버튼이라 불편해요,2025-05-20T07:37:25-07:00
더더ㅗ고나잦,1,쓰레기,가입하려는데 실명 증표인증 다 실패함. 여권까지는 잘 인식되는거 같은데 청소년증을 아예 못읽음,2025-05-17T21:55:15-07:00
오암리댁,5,사용편리,"포인트도받고 
유익한시간~~",2025-05-16T18:25:17-07:00
무폴,5,가입리뷰,좋은 상품 간편한 가입 감사합니다.,2025-05-15T21:17:18-07:00
yuyuyurty,3,아이패드에서 모바일 인증서만 계속 발급받고 있습니다,아이패드 시스템 업데이트후 모바일 인증서를 재발급받으면 로그인이 되는데 앱종료시키고 앱을 다시 실행하면  모바일 인증서를 재발급을 받으라고 합니다.  여러번 해보았는데 계속 같은상황입니다,2025-05-14T18:01:54-07:00
깜깜한나을,5,ㅠㅠ 너무느림,빠릿하게 업글좀 부탁,2025-05-14T00:10:37-07:00
쭈피터,3,디자인은 깔끔한데,"카테고리가 뭐가뭔지 모르겠어요 홈에 있는 쏠야구, sol트레블는 눌러본 적도 없고 체크카드를 새로 발급하고 싶은데 어딨는지 몰라서 한참 찾았습니다 통장 사본 다운 받는 것도 한참 찾아야돼서 인터넷에 쳐서 다운 받았네요ㅠ 직관적인 메뉴 정리가 필요해보여요",2025-05-12T22:39:42-07:00
감사2030,5,감사,감사,2025-05-11T14:42:19-07:00
pusisi0ju,5,💗신한애정,늘 편리하고 좋은 콘텐츠 감솨해요!!,2025-05-09T15:46:16-07:00
감사해서요,5,감사합니다,고맙습니다,2025-05-08T21:26:00-07:00
무슨이런앱이다,1,앱 킬 때 비번 입력 시 고쳐야할 부분이 있어요,"요즘 해킹이 엄청 이슈인데 신한은행은 앱 비번 입력할 때마다 제가 어떤 번호를 터치하는지 숫자가 다 표시되더라구요?? 

우리은행은 터치해도 어떤숫자를 눌렀는지 알수없게 되어있어서 만약 폰 자체를 해킹당했어도 어떤숫자비번을 입력했는지 해커가 볼수없더라구요. 이부분 별거아니라고 생각하실 수 있지만 미리 꼭 고쳐주셔야 안전할 것 같습니다. 나중에 skt처럼 터지기 전에요. 

앱자체는 잘 쓰고 있었는데 이번에 갠적으로 폰해킹 당할뻔한 스미싱을 겪어서 신한은행앱이 안전한지 확인해보다가 발견한 점이에요. 
개발자분이 앱리뷰 자주 보고 답변 달아주시는 것 같아서 그래도 다른앱들과 달리 신경은 쓰시는것 같아서 의견 남깁니다.",2025-05-05T10:12:05-07:00
아이폰 15Pro,5,비밀번호 터치가 안 돼요,이거 만 접속 하면 화면 터치가 안 돼요,2025-05-05T09:01:28-07:00
이화영,1,입출금 알림만 받는데,"만보기 알림 왜 오나요?? 
슈퍼쏠은 안깔았어요",2025-05-01T15:45:36-07:00
사용해본후기임,1,신한 쏠 얼굴검증 최신버전 인증을 하라는데,"최신버전이거든요 ㅎㅎ,,,,, 챗봇에 들어가서 현재 어플 최신버전인것도 확인했는데 얼굴인증에 10번씩해야 1번성공하고 그 뒤에 운전면허는 3번씩 해야 1번 성공하더라구요 
그렇게 성공해서 인증하면 갑자기 얼굴검증은 쏠 최신버전앱으로 해야한대요. 근데 앞서 적은것처럼 최신버전으로 하고있던거거든요. 혹시 몰라서 다시 전부 껐다 들어가도 앱 업데이트 안뜨고요. 제가 이걸 5번정도 시도를 했어요…ㅎㅎ… 주거래은행한지 10년이 넘었는데 어플이 덜떨어져서 정이 뚝떨어지네요 지금 너무 화나서 그렇기도한데 다른곳으로 은행 옮길까싶어요 하…",2025-05-01T03:27:23-07:00
janeverlee,1,주거래 은행인데 이 앱보다 토스를 더 많이 씀,뭔 앱을 이따구로 만들었는지 로그인 하나도 ㅈㄴ 힘듬 ㅠ 이참에 국민은행으로 갈아탐 ㄱㅅ,2025-04-30T10:40:50-07:00
콤콤이잉,1,요즘 왜 이러지요?,앱 키면 접근 자체가 안되네요 9/10 확률입니다 계속 그러면 주 거래 은행을 옮겨야할꺼 같네요,2025-04-30T03:09:23-07:00
mooon9410,1,뭐 제대로 되는 게 없음,"금융인증서 발급하는데 민증 인증 완료하고 모바일 otp 차례에서 멈추고 다음 눌러도 비번 입력 > 이전 단계 무한반복
이런 식으로 제대로 동작 안한게 한두번이 아님",2025-04-29T22:47:59-07:00
집사장,5,적금가입,쉽게 설명되어 가입 용이,2025-04-29T22:32:08-07:00
뷰연,1,진짜 쓰레기 어플,신분증 인식 시도만 30분 넘게 시도했고 그 중에 딱 한 번 성공함,2025-04-29T18:30:47-07:00
방장유혜디,2,앱이 너무 많아요,신한은행 관련 앱이 너무 많고 비슷해서 헷갈려서 들어가는게 잘못누를때도 많고 어려워서 그냥 신한을 잘 안쓰게되고 토스나 카뱅같은 쉬운것만 쓰게 됩니다! 너무 복잡합니다 앱이 너무 많아요,2025-04-29T01:08:24-07:00
나도샤프란,5,간편함,이해하기 편하고 간편함,2025-04-28T17:30:06-07:00
-ㅅㅇㅅ-,1,핸폰이랑 앱에서 알림다켜도 알림 안옴,"알림이 안오는데요 
솔도 안오고 뱅크앱도 안옵니다
아이폰 알림설정에 배지가 없네요. 신한 sol에도 배지 설정이 없어요  배지 켜놓을수 있게 알림 배지 설정 만들어 줘요",2025-04-28T16:20:20-07:00
똥ㅊ,1,ㄹㅈㄷ쓰레기,걍개불편하고 ux도쓰레기,2025-04-28T15:47:09-07:00
목동삐삐,5,예금,편하게 가입했네요,2025-04-27T18:11:13-07:00
shin1ok,4,적금,좀 더 좋은 정보가 있었음,2025-04-27T14:12:45-07:00
ㅡ나뉴조,1,왜 어플이 유료인거죠?,신한은행 어플 지웠다가 다시 깔았는데 29000원이 결제되었습니다. 이 어플 유료로 바뀌었나요?,2025-04-25T05:48:22-07:00
흄뮬뮹,1,회원가입도 안되노,회원가입도 인증하라고만 계속 반복이고 뭐하는 짓거리인지;;;;;,2025-04-24T19:18:55-07:00
반나낭,5,본인인증을 왜 계속 하래요;;;,본인인증 해도 계속 본인인증 창 무한으로 나와서 10번은 계속 인증만 한 것 같아요;; 대체 왜 다음 화면으로 안넘어가죠? 인증 끝내도 또 본인인증을 하라네요;; 하 진짜 너무 화딱지나네요 어떻게 사용하라는 말씀인가요?;;,2025-04-24T17:28:59-07:00
예금가입자,1,UI/UX 불편,"이미 특정 정기예금 상품선택하고 금액,만기일 등 다 기입하고 가입절차 대로 따라가고 있는데 맨 마지막즈음에 “예적금 상품을 보시겠냐”는 팝업메시지는 왜 띄우는건지? 확인버튼 외에는 다른버튼도 없어서 확인 눌렀더니 상품소개 화면으로 돌아가버립니다. 보통 가입완료되고 띄우거나 하면 이해할텐데..저런건 고객입장이나 은행입장에서도 아무런 도움 안됩니다. 다시 절차밟고 가입은 했지만 오죽하면 다른은행으로 옮길까 몇번 망설였을까요.",2025-04-23T17:21:15-07:00
화무지,1,프로그램 사용하기 너무 불편해요,"얼굴인식도 잘 안되고
매번 메뉴도 바뀌고 좀 잘 만들수 없나요?
개인회사도 아닌데 참 ....",2025-04-23T02:47:53-07:00
15pro u,5,ㄹㅇ 개빠르네,본인 sc 이용 6년된 vip고객인데 ㄹㅇ 오늘 신한 첨 깔아서 써보니까 늘 느꼇던 거지만 차타드는 실행속도가 거북이의 할아버지급인데 오늘 첨 깐건데도 불구하고 엄청 빠르다는걸 느낌 ㄷㄷ 앞으로 쭈욱 더 이용해봐야 아는거지만 실행속도가 토끼의 자식들 급이네요,2025-04-22T06:17:30-07:00
쟌쟌쟌쟌쟌,1,능력이 안되면 제발 기능 추가 하지 마세요,"얼굴 인증 방식을 새로 개발하신 것 같은데, 덕분에 로그인 자체가 안됩니다. 그냥 애플이 준 좋은 방식 유지해주세요. 왜 본인들 kpi를 위해서 고객을 희생시켜요? 일단 1. 인식 시간도 오래걸리고 2. 인식 오류율 너무 높고 3. 뜬금없이 재등록 하라고 너무 빈번하게 뜨고 4. 종국엔 3번 재등록 과정에서도 제대로 인식을 못해서 결국 얼굴 인증 로그인 기능 자체를 못쓰고 있습니다. 본 불편건에 대해 건의하려니, 통합 고객센터는 자기 업무 아니라는 참신한 답변을 앵무새같이 하고 별도로 알려준 소비자 보호센터는 전화 받지도 않고 ARS 자동 답변으로 돌려놔서 연결조차 안되네요. 
다행히 쏠페이앱은 부서가 달라서 기존 얼굴 인식 방식 유지하는 것 같은데 이들처럼 제발 능력이 아직 안되면 잘하는 사람들이 잘 만들어놓은거 그냥 써주세요. 괜히 손댔다가 소비자 만족 떨어트리지 마시고.. 부탁드립니다.",2025-04-21T22:44:15-07:00
gmdehd,3,알림이 안와요.,"솔뱅크로 바뀐도로 푸시알림이 안와요. 아이폰 앱 설정도 다 바꾸고, 어플 내에서 알림 설정 다 해놔도 푸시알림이 안옵니다. 입금, 출금 등",2025-04-21T17:11:21-07:00
mekemeke24,3,거래내역이 왜 HTML인지 모르겠으나...,"종합소득세 신고 세무기장용으로 HTMI로 받은걸 
엑셀로 변환해서 쓰기 불편합니다...
옛날에 맥OS용으로 은행 자바클라이언트를 만들어준 약속으로 계좌 유지하고 있었으나 
너무 불편해서 안녕히...",2025-04-20T17:48:52-07:00
Jkows,1,신분증 인증,인증 ㅈㄴ 안되네 하,2025-04-20T04:39:06-07:00
아이야팔,1,솔패스 로그인 어딨냐?,개발자는 지금당장 전체메뉴>설정인증>sol패스 로그인 들어가서 기능 검사해봐라 있는지 없는지 ㅡㅡ 상식 있는 사람이 UI/UX 해야 한다 최소한... 로그인 기능을 메인 화면 우상단에 배치해야 정상 아니냐?,2025-04-16T09:15:25-07:00
"김치,",1,에휴 Ai즘 바꿔라 제발,"어둡게 하면 이름을 못 읽고 
밝게하면 빛 번진다고 하고 ㅉㅉ",2025-04-16T05:18:45-07:00
왓챠로 영화 봤던 사람,5,.,"인증 로그인 다 무한반복인데, 이러면 도대체 누가 사용하겠습니까",2025-04-15T06:20:01-07:00
어우어오러어라,5,안들어가져요,앱스 통해서밖에 접근이 안되는데 어캐요 … 삭제했더 깔아도 소용없어요,2025-04-15T04:38:05-07:00
…***💕💕💕,1,…,…,2025-04-14T22:49:36-07:00
jieoiw,1,회원 불친절 아줌마.,전화 해서 카드 비번 다시 재설정 문의를 3번이나 드렸는데도 불구하고 전화도 안받고 그건 저희 회사측에서 해드릴 수 없다 라고 하는데 왜 못함? 신한이지 않나? 고객분들한테 나한테 하는거처럼 똑같이 할건가? 정신 언제 차리심 ㅋㅋ 엿같아서 안씀. 뭐가 그렇게 화났는데 왜 고객한테 화를 내나? 그따구로 일할거면 거기 자리에 앉지마 ㅋㅋ 엿같네 ;,2025-04-13T11:40:58-07:00
yunabbo,1,얼굴인식좀바뀨요,"진짜최악. 인식도못하고 툭하면재등록....그냥 페이스아이디나 안드비슷한거있죠, 그거연동해서쓰죠. 안그럼저처럼 은행바꾸는사람생깁니다. 안녕히계세요",2025-04-12T21:48:07-07:00
happeacepaul,3,타행이체시 불편,"타행이체 인증을 꼭 비번으로 해야 하나요? 신한은행계좌끼리 이체할 땐 편리하고 안전한 페이스인증으로 되는데, 타행이체는 비번만 되니까 불편하고 유출될까 염려되네요. 이거 일부러 이런 거면 좀 치사하지 않나요? 오픈뱅킹 다른 은행으로 옮겨야 하나 고민되네요",2025-04-12T20:34:40-07:00
nabi86,2,인증은 사람을 보살로 만드는…,나만 그런게 아니었네요 ….,2025-04-11T19:00:48-07:00
녀카ㅏㅓ얕태,1,쓰레기 같은 상품 만들어서 사람 헷갈리게 쳐 만드네,1점도 아깝네,2025-04-11T07:08:33-07:00
Cicusjwndiucs,1,진짜 ㅅㅋㅋㅋ,와 진짜 너무 화난다 진짜진짜 인증 이딴 하찮은 거 하나땜에 하루 망치는게 너무 짜증나고 화난다 진짜 ㅋㅋ 걍 초중딩 사촌 동생 시켜서 만들라 해도 더 잘 만들겠네요,2025-04-11T01:50:03-07:00
똥쿠빵구,5,신한알쏠적금,해약 후 다시 가입했어요,2025-04-10T04:36:30-07:00
ㅁㅇㅁㅇㄹㅇㄹㅇ,1,와 옛날부터 그러더니 지금도 그러네ㅋㅋ,"슈퍼솔깔고 인증하니까 휴대전화번호 바꾸려면 솔뱅크 앱가서 변경하래 ㅋㅋㅋ 거지새끼 걸레짝도 아니고 솔페이 깔았다가 슈퍼솔 깔라고 하고 슈퍼솔 깔려니까 솔뱅크 설치하래 
너네는 진짜 변함이 없구나 
바뀐게 있을줄 알고 써볼까하고 왔는데
안쓸란다 그냥",2025-04-09T02:13:51-07:00
서리크로,1,은행 앱은 왜 다들 자가복제하는지,뱅크갔다가 슈퍼갔다가 지들끼리 난리났네.. 인증하래서 실컷 정보 다 입력했더니 비대면 본인 확인 가능 시간은 21시 까지라는 안내문구가 마지막에 뜨는건 엿먹으라는건가요? 이래저래 인증해도 개인정보 다 털릴거면서 별 생쑈를 다 하네요 쓸데없이 ui만 신경쓰지말고 기술력과 ux나 개선하시길,2025-04-08T06:25:43-07:00
Jiae,1,예금 토큰에 유효기간 생기면 제 돈은 사라지나요?,"희한하네요. 예금을 토큰으로 변환해서 쓴다... 이게 간편하고 지정된 매장에서만 써야한다..
저는 왜 이게 편리하다기보다 제한적이라고 느낄까요? 
신한이 UXUI가 다른 플랫폼에 뒤지는게 맞네요. 고객 리처시나 고객입장에서 생각하는게 맞나요?

상식적으로 생각해보세요. 화폐화할수 있는 것들중에선 금처럼 보장된 수단이어야만 합니다.
비트코인이나 포인트 처럼 현물과 1:1 매칭이 안된다면 토큰으로 변환한 내 재산이 어떤 가치를 가지게 될지 아나요?
그리도 세상에나 지정된 곳에서만 써야한다니요...

지금 경제가 안 좋아서 이커머스에서도 적립금에 유효기간을 붙이는데, 신한은행에서 토큰에 유효기간이라도 붙여서 빨리 소비하라고 하거나 빨리 소비하면 또 유효기간 있는 토큰으로 적립해준다거나 그런식으로 마케팅하면, 화폐의 가치가 어떻게 될지 아십니까?

국내 1금융이라눈 곳에서 화폐의 가치를 이렇게 회손시키는 발상을 국내최초의 이벤트라고 하는걸 보니 진짜 너무 한심하네요.
절때 사용하지도 않을거지만 이번 프로모션또한 누가 기획했는지 써보라! 말고 매리트 1도 없네요.
토스처럼 혁신적이고 싶으신가봐요.",2025-04-07T03:40:07-07:00
jakee337,1,얼굴인식,"페이스아이디를 쓰지않고 굳이 자체 얼굴인식을 쓰는 이유가 무엇인지 신한증권, 카드 다 애플 페이스아이디를 사용하는데 은행만 별도로 느리고 잘 되지도 않는 얼굴인식 ㅡㅡ  애플페이스 아이디 쓰세요 넘느려서 못쓰겠네요",2025-04-06T16:26:12-07:00
사람1998_,1,신분증 진위확인,"신분증진위확인거지같네요
내가이상한가확인차 
다른은행해보니
다른은행앱은 한번에되는데
재설치해도 인식못하고
횟수초과라서 또 인증안되고 
불편하네요",2025-04-06T03:29:19-07:00
kimo0049,3,배지 알림,어느 순간 업데이트 후 배지 알림이 없어졌어요 개선 바랍니다,2025-04-05T17:26:24-07:00
thumbeowoperj,5,정보수정 무한로딩,정보수정이 안됩니다 계속 로딩떠서 미칠 것 같아요 제발 좀 고쳐주세요,2025-04-04T01:15:50-07:00
KJH KING,1,오류,안면인식 타앱에비해서 드럽게 안됨.,2025-04-02T15:29:04-07:00
키키와 지지,5,토피도배트,배트를 알게되었다,2025-04-02T06:08:18-07:00
상배아빠,5,적금 가입,편리하고 간편합니다,2025-04-01T18:23:28-07:00
ㅜㅡㅜ…,1,신한은행 왜이럼,아니 카드 신청 하나 할라고 인증할려는데 인증하나도 똑바로 안되는데 앱을 어떻게 만드셨길래 인증하나가 안되나요….,2025-04-01T07:38:10-07:00
게임방NPC,5,제로페이가 안되요,"원래 잘 되었는데 지난주 목요일에 결제하려고 하니 일반 바코드가 뜨질 않네요. 
QR 코드가 CU에서 먹히지 않는 것은 그쪽 사정이라 치지만, 아예 바코드가 화면에 나오질 않습니다. ㅠㅠ",2025-03-31T05:01:23-07:00
으휴휴휴휴휴,1,무한인증,"이딴것도 앱이라고 만들어놓네;;;
인증 절대안됌 ㅋㅋㅋㅋㅋ",2025-03-30T18:40:05-07:00
콩나물대가리1,1,진짜 개불편함,그래도 은행이라는 곳이 어떻게 이렇게 만들었지 사람 짜증만나게 함,2025-03-30T18:39:05-07:00
남승희,2,정말 불편하네요,문제가 있다고 하고 뭐를 하라고 해요 그러면 그 뭐를 할수 있는 데로 가도록 링크를 줘야지요 알아서 찾아가는게 얼마나 힘든데요 그런거 알아서 찾아갈 사람이면 이미 문제가 안 생겼죠 그리고 설명도 틀렸어요 내가 일일이 다시 찾아서 해결했어요,2025-03-30T17:22:49-07:00
채은할머니,5,고객의시각,항상 고객입장에서 바라보아야 성공하는 기업이됩니다,2025-03-30T02:55:15-07:00
아 OTP,3,"마이크, 카메라 권한설정 메뉴없음","아이폰 15 pro max, ios18.3.2 인증이 안되어서 앱지우고 깔았더니 앱설정에서 제목의 권한은 아예 메뉴가 없습니다 어젯밤에 모바일 otp에서 일반 otp로 변경할때까지는 되었는데 지금은 이체금액 상향할래도 마이크, 카메라 권한설정하라고 계속 뜹니다",2025-03-28T14:48:52-07:00
어자아첯,1,와 진짜 인증 ㅋㅋㅋㅋㅋㅋ 개짜증나네요,"어지간해야지 
몇십번을해도 넘어가질못하네요
다른 타 업체는 쑥쑥 넘어가는데 여기는 무슨 
ㅋㅋㅋ 되질않아요 쓰지말라는건지 인내를 견디는사람만 쓰라는건지 와 일하다가 마우스 집어던질뻔했네요",2025-03-26T02:59:01-07:00
푸름이82,5,편리,가입이 편리하고 고객입장에서 안전함을 느낌.,2025-03-25T19:49:16-07:00
Hchxjfkflfoxizifo,1,진짜 정신 나가버릴것 같은 어플,"토스연동 적금계좌 하나만들라고 오랫만에 어플설치해서 만들어볼려고 시작했더니,
어플로그인한다고 신분증인증에 화상통화도하고, 휴면계좌 해지한다고 신분증인증 또하고, 또 본인인증안됐다고 한번 더하고, 이제 적금 만들수있나해서 눌렀더니 예금계좌가 없다거 만들라거 하는데 이럴거면 휴면해지를 왜시킨건지도 모르겠지만 설명서 다읽고 신분증인증 또하고…..
예금계좌만들고 적금이제 만들라고해서 설명서 다읽고 타은행 이체할라니까 오픈뱅킹 연동해야된대서 ars인증 하고 연동했더니 진행사항 초기화되서 다시들어가서 또했는데 마지막에 자동이체 계좌선택은 신한은행만 나오고 연동한 계좌는 나오지고 않고…
결국 열받아서 가입은 안했습니다. 
제발 개선좀해주세요. 토스를 떠나서 제가 써본 모든 은행어플중에 제일 불편합니다.",2025-03-24T22:16:39-07:00
찰스피터,5,너무 좋아요,자주 이용하고 있습니다. 안내를 자세하게 해 주셔서 사용함에 어려움이 없이 하고 있어 감사해요,2025-03-24T14:53:20-07:00
행복114112,3,상품가입 시 앱이 느림,정기예금 가입하는데 확인눌렀는데 이게 확인 된 것인지 아닌지 헤깔렸고 다음단계 넘어가질 않아 껏다 켜서 다시 하기르루여러번 함,2025-03-23T23:57:52-07:00
하나의 영만,5,울산북지점 신한은행,완벽한 업무로 예금제예치 기타 완료. 감사해요,2025-03-23T20:30:24-07:00
밤가득밤식빵,1,페이스아이디 로그인,페이스아이디 로그인 때 왜 전면카메라로 얼굴이 그대로 나오나요?? 여태 어플 잘쓰다가 갑자기 당황스럽습니다,2025-03-23T05:55:25-07:00
지맘스,1,너무 후짐,"퇴직연금 etf 살때마다
- 매번 위험을 인증하는게 너무 귀찮음
- 너무 단계별로 느리고 인증할게 많음. 인증이 많아도 빠르면 되지만 너무 느림
- 몇개 사다보면 20분이 훌쩍 넘음 
- etf 검색등이 너무 않좋음. 
- 도데체 ui 는 누가 디자인 하는지 모르겠음.",2025-03-23T04:35:29-07:00
나그네4,1,개발자 전부 해고하세요 인증 불편,신한인증서 비대면 주민등록증 촬영 단계에서 이 바보같은 모듈이 사진을 제대로 촬영하지도 인식하지도 못함. 20번을 촬영해도 인식이 안됨. 어두운 곳도 아니고 빛반사가 있는 환경도 아님. 다른 은행 앱의 비대면 주민등록증 모듈은 잘만 인식하는데 신한은행 앱만 못함. 신한은행 대표는 하루속히 이 앱을 만든 팀 해체하고 외주계약 끊고 손해배상 청구하세요,2025-03-23T00:10:30-07:00
박.서연이,5,최악,로그인하고 나가면 로그아웃됌. 카드 등록하려고 비번 눌렀는데 존재하는 비번이라함. 로그인으로 무한루프 전부터 느낀건데 깔고 1번도 사용 안함,2025-03-22T17:27:21-07:00
김메시^^,5,상품가입편리,보기 편리함,2025-03-22T16:17:38-07:00
포레스트K1,5,사용편의성,접속 및 사용편의성이 매우 좋음,2025-03-22T04:32:05-07:00
첫리뷰 그리고 마지막리뷰;,1,사람 놀리려고 그러시는건가요? ㅎㅎ,"본인들이 보낸 인증문자 몇십번을 그대로 썼는데 올바르지 않다는건 뭐 사용자들 똥개훈련 시키는거죠?
재밌으신가요? ㅎㅎ",2025-03-21T03:35:21-07:00
오드리햅밥,5,만족,앉아서 너무 쉽게 가입할수 있어 좋아요,2025-03-21T01:36:30-07:00
changhunlee,1,"도태된,없어져야할,지구제일쓰레기","시대에 뒤떨어진 인증 절차
트렌드에 도태된 UI
최악의 UX
개같은 어플 종합 세트
시작하기 전까지 모든 유저를 화나게 하지만 친절한 cs직원
어쩔수없이 면전에 욕은 못하는 우리

죄가 있다면 기획자와 개발자 그리고 이렇게 만든 금융 관련 법을 만든 관료들",2025-03-20T22:51:28-07:00
팟스타타,5,퇴직연금 기획하신분 최고,"퇴직연금 운영 너무 번거롭고 어려웠는데 이번에 업데이트 하면서 확바뀌었네요
진짜 기획 개발하신분들 잘하신 것 같아요 넘 편해요. 다만 자주 이용하는 탭은 화면 접속했을때 바로가기 링크가 있었으면 좋겠어요. 퇴직연금 메뉴 못찾겠어서 맨날 챗봇으로 검색해서 들어가거든요",2025-03-20T20:52:20-07:00
미니멀리,5,신한 쏠~,"사용편리  티 은행쓰다 
신한쏠쓰면  속이 시원해요.",2025-03-20T18:39:39-07:00
mingggo._.oo,5,앱이 안들어가져요.. ㅠㅠ,앱이 안 들어가져요 확인부탁드려요,2025-03-19T21:08:31-07:00
리아98,1,핸드폰 인증이 안되요ㅠㅠ,계좌 개설하려는데 핸드폰 인증화면에서 무한 로딩만 뜨네요@.@ 앱을 몇번을 껐다 켜서 다시해도 안되요…….!!!!!!!후아,2025-03-17T00:23:35-07:00
Scarlet Cloud,1,정말 불편합니다,왜 만들었는지 모르겠습니다 개발자한테 물아볼게 없어요 쳐다보면 불폄합니다. 별 하나도 아까움,2025-03-16T05:42:58-07:00
llliiiiiiilll,5,주민번호뒷자리,고객정보확인 주민번호 뒷자리 입력하라는데 아무리눌러도 숫자패드안뜨잖아요ㅡㅡ 장난합니까?,2025-03-14T23:42:54-07:00
Zi지연,2,계좌이체가 안돼요.,아니 진짜 계좌이체 좀 하려고 하면은 뭔 서비스 이용 안내로 오류가 계속 떠요..?;; 그리고 금방 끝나지도 않고 하루종일 걸려서 뭘 할래야 할 수가 없네요. 제발 이 부분 좀 고쳐주세요.,2025-03-14T04:45:23-07:00
airhigh,1,25년 주거래 은행인데 앱때문에 망할듯,"앱에 뭔짓을 했는지 2월부터 매일마다 새로운 기기변경했다면서 로그인 안되고 재등록 해야됨. UI UX, 토스나 카뱅 본받을 능력 안되면 최소한 이따위 오류는 없어야 하는것 아닌감?",2025-03-13T15:37:12-07:00
봇대,4,걸음수가 업데이트되지 않아요,일주일간 0걸음이네요. 고치시면 좋겠어요.,2025-03-12T06:38:24-07:00
후장우산꼽기,1,흠 김수현,ㅋㅋㅋㅋㅋㅋㅋㅋㅋㅋㅋㅋ,2025-03-12T00:05:30-07:00
미인감자,5,적금,이자율조아요,2025-03-11T14:49:09-07:00
BAIKDAWIT,1,해외에서 앱 재설치 시 본인인증 안되게 해놨네..,"모바일 인증시 고객이 문자를 받게 해야지요.. 고객이 문자를 보내게 하시면 국가번호가 고정되어 한국으로 문자가 안가고 해당 국가로 가잖아요..
이딴 식으로 만듭니까 앱을.. 본인 인증을 해외에서 어떻게 하란 겁니까!! 앱내 신한 카드 연동도 아주 개판이네 진짜 ㅡㅡ",2025-03-10T09:58:05-07:00
고오쓰,5,이 앱 쓰시면 휴대폰 절대 바꾸지 마세요.,휴대폰 바꿨다가 얼굴인증 모바일인증 신분증인증 어쩌고인증통장인증저쩌고인증문자인증하느라 아주 열이 오릅니다. 송금 한번하기 정말 간편해서 아주 적극추천이에요 화이팅이다 아주 이 씨ㅂ,2025-03-10T03:12:09-07:00
린다진,5,간편한 이용,"타은행 보다 한눈에 보이고 간편하게 잘 되어있음.
사용자 사용하기 편리함",2025-03-09T20:47:54-07:00
조말랑콩떡,1,왜 자꾸 앱 처 바꾸는거임?,"안그래도 복잡한 은행 앱 적응 좀 했다 싶으면 UI 트렌드 따라가겠다고 바꿔버리고 디자인만 신경쓰느라 사용자 편의성은 고려하지도 않은 거지 같은 디자인에
앱은 더 무거워 진건지 로딩은 끝나지도 않고
카드 선결제 하러들어왔다고 스트레스만 받음 걍 신한카드를 안쓰는게 나을듯",2025-03-06T21:12:07-07:00
산돌설레임,1,생년월일 입력 오류,생년월일 입력하라해서 입력하면 지맘대로 쳐지고 수정도 안됨. 지우고 다시 깔아도 계속 같은 오류네요. 넘어갈 수가 없으니 계좌개설도 안되고 다른 계좌 집어넣기도 안되고 어쩌라는거임,2025-03-05T22:31:16-07:00
djwjdblauxbepzh,5,배지 알람 안뜸,"아이폰 모든 알람 설정해두었고, 어플에서도 알람설정 해두었는데,, 다른 알람은 다 뜨는데 배지알람만 안떠요",2025-03-05T20:04:34-07:00
김뉴트,2,앱 자체는 좋은데 신한은행 자체가 아쉬움,"+ Face ID 통한 로그인 좋음
+ 입출금 앱&카톡 알림 좋음
+ 앱출금 편리해서 좋음
- 앱출금 금액 30만원 아쉬움
- 연말정산용으로 입출금기록 일괄 이미지 출력&인쇄 안되어 불편함 (이체확인증 개별 캡쳐해야함)
- 연말정산용으로 자동이체 입출금기록 캡쳐 안되어 불평함 (이체확인증 캡쳐가 아닌 입출금 내역 자체만 캡쳐가능함)

모든 개발자가 앱 리뷰를 참고하여 빠르게 개선해주리라고는 생각하지는 않지만, 급여통장 등으로 엮여있어서 신한은행 주거래통장으로 사용하시려는 분들은 연말정산때 월세, 주택청약 등 자동이체 내역을 하나하나 캡쳐하는 불편을 감수해야한다는 점은 알고 쓰셨으면 합니다.",2025-03-02T05:49:02-07:00
수협아웃,2,얼굴인식 아이폰내장으로 쓰면안되나요? 자체 얼굴인식 기능… 너무 구려요,자체 얼굴인식 기능 너무 구려요,2025-03-02T00:25:28-07:00
dddshs,5,레드닷 디자인,들어갈때 첫 화면에 모바일 접근성하고 레드닷 디자인이 있었는데 사라졌네요? 왜사라졌나요?,2025-02-28T05:41:11-07:00
뽝짜증나확씨,1,입출금 알림,입출금 알림 잔액 보이게 아무리 설정해도 입출금 알림만 뜨고 얼마가 입금되고 출금됐는지가 안떠요 제발 좀 고쳐주세요 무ㅜ 이따위입니까 이거때문에 신한 쓰기 싫어질 정도에요;;;;;;; 진짜 입금 알림 뜨면. 어플가서 얼므 입금됐는지 확인해야됩니까? 빨리 오류 좀 해결해주세요 좀,2025-02-27T21:18:02-07:00
어려요다,1,얼굴인식 맛탱이 간 것좀 어떻게 해주세요,은행 어플들이 유독 딱딱하고 투박하고 느리고 다 아는데 얼굴인증을 로그인할때마다 갱신하고 있는데 그마저도 인식률 ㅆㅎㅌㅊ,2025-02-27T18:01:18-07:00
KJH@@@,5,편리한뱅킹,간편하고 스마트한 신한은행,2025-02-27T16:42:55-07:00
러브쏠 메니아,5,고객 친화적 구성,고객의 니즈에 맞춰 메뉴를 선정하고 각각의 취향대로 레이아웃을 구성할 수 있다는 점이 가장 큰 장점이고 각 메뉴들의 사용이 편리하다는 점도 좋습니다.,2025-02-27T12:45:20-07:00
Apple 팟캐스트,5,금융 안전과 정확성 및 신속성,신한 SOL뱅크는 금융 관련 개인 재산을 안전하게 관리해 주고 또한 정확성과 신속성이 뛰어나므로 장기간 동안 신뢰하며 거래하고 있습니다.,2025-02-27T07:51:50-07:00
yyyuyyyssssss1221,1,뭐이런앱이.;;,진지하게 1점도 주기 싫어요 미친 앱      학교 학생증 발급때문에 회원가입하는데 카카오톡 가입은 뜨지도 않네요 뭐어쩌라는건지,2025-02-27T05:20:10-07:00
배민줫같아서리뷰적기시작함,1,유ㅡ미터진련들인가 진짜,인증을 10번넘게쳐하래 어플지워 버러지 머리에 우동사리 든것들이 어플 만들었나,2025-02-25T01:41:11-07:00
진라면순한맛@,5,"쉽고,빠른가입","쉽고,뻐르게 가입 할 수 있어서 좋음",2025-02-23T20:55:21-07:00
석모엄마,5,편리함,편리하고 안전하게 사용하고 있어요,2025-02-23T14:40:27-07:00
ヒちゃん,3,앱이 안열려요,업데이트를 했는데도 앱 접속이 안되는데 해결방안을 알려주세요,2025-02-22T22:37:12-07:00
콘ㅍ좁,5,좋아요,좋아툩,2025-02-21T03:24:43-07:00
하이대란,1,다른어플에서 신한은행 인증하기시,어플이 안열리고 다운받으라고 뜹니다 전 다운을 받앟는데 신한인증서로 인증하기를 하라는데 할수가 없어요,2025-02-21T01:06:54-07:00
번개장터맨,1,신분증인식개똥임 안고쳐주면 지인들한테다른은행 홍보하고 다님 ㅅㄱ,우우우우우,2025-02-21T00:23:26-07:00
배광배,3,얼굴 인식 좀 고쳐주세요,"다른 은행 어플 얼굴 인식 방법은 아이폰 수준인데 신한은행만 개구려요
은행 원탑 신한은행이 이러면 안되죠……",2025-02-20T04:58:51-07:00
꺄르루륙,1,누가만듬,로그인 맞아도 아니라하고 ㅣ내명의 맞는데 아니라고 결제 인증 비번도 입력햇는데 안입력했다그러고 ㅡ 참나  누가만든거냐,2025-02-19T19:06:57-07:00
심장폭햄,3,거래내역 삭제,거래내역 삭제할 수 있게 해주세요ㅠㅠ,2025-02-18T23:12:34-07:00
김선비비비,1,인증 과정이 어메이징 하네요,여러 어플 써봤지만 제일 구진듯,2025-02-17T21:36:34-07:00
독일소피아,2,언어설정ㅠㅠ,"외국인 친구가 신한은행 사용 중인데 앱이 한국어로 되어있어 입출금할 때 한참 걸린다고 합니다. 언어 설정이 있을텐데,하고 저도 찾아봤지만 찾기 어렵네요! 영어로 언어지원 가능한건가요? 그렇다면 어떻게 해야하나요? 한국에 외국인이 많아진만큼 앱 들어가자마자 언어설정 가능하게 바뀌면 좋을 것 같습니다!!!",2025-02-17T19:08:04-07:00
완소정,5,적금 가입이 안돼요,"청년 처음 적금은 가입하려고 하면 ‘중요한 설명’ 약관이 클릭이 안되구요. 그래서 모든 약관을 다 확인할 수 없이 때문에 맨 아래 다음 버튼이 활성화가 안되어서 다음 화면으로 넘어갈 수가 없습니다. 한 달부터 적금은 가입하려고 하면 상품정보가 없다고 합니다. 
적금 가입 못하게 막아놓는건가요...? 며칠 째 시도 중인데 안되니까 진짜 화가 나요",2025-02-16T06:28:05-07:00
3455껑,1,슈퍼Sol 은 왜있는건가요?,"통합 되어 만든게 슈퍼sol 아닌가요?
인증서며 뭐며 기존 어플을 왜 다시 깔아하는지 모르겠습니다",2025-02-13T20:28:10-07:00
바람순,5,편리하고 좋아요,편리하고 좋아요,2025-02-13T18:43:38-07:00
귀커니,5,새로운 세상,몇일전 지인으로 통해서 알았는데 재미가 솔솔합니다.,2025-02-13T18:38:37-07:00
길한빛,1,알람,알람안와요,2025-02-13T07:18:54-07:00
신아롱,5,와 진짜 사람 피말리는 신한은행,인증 절때 안되고 누가 이기나 해보자라는 맘에 20번정도 하니 되서 다음 단계로 넘어갔는데 핸드폰 번호 변경에서 또 무한 로딩 오류 ㅋㅋㅋ 앱 진짜 많은 개선이 필요해 보입니다 신한카드 신용카드 때문에 하나 계설할라했다가 열받아서 신용카드 잘라버리고 싶네요,2025-02-11T18:42:20-07:00
82세 김명호 할배의 마지막 유도탄,1,주민번호 뒷자리를 입력하세요,입력 못하게 막아놓고 어쩌자는거죠 거참,2025-02-11T18:31:51-07:00
오르보,3,콘텐츠,너무 많은 내용이 있어서 사용하기 불편하다.,2025-02-06T15:38:57-07:00
초록60,5,쉽고 편하네요~^^,쉽게 가입 할 수있어 좋네요 나이가 좀 있지만 거뜬하게 해 냈어요,2025-02-05T21:25:38-07:00
끊,1,신분증 인증,신분증 인증 이딴식으로 만들꺼면 쓰지마세요 발급일자가 안맞다고 계속 뜨고 리뷰 답변 복붙할꺼면 달지마세요,2025-02-04T19:54:03-07:00
우준마0,5,+적금융,+쉽게 접근할수있게되어서 작은돈을 모으는데 좋은마음이 듭니다,2025-02-04T03:57:16-07:00
오령오,2,개판,앱이 너무 느려요  이딴 앱이 요즘 어딧나 세월아 내월아 사람들 신한카드 안써요 이러다,2025-02-03T21:51:13-07:00
하늘해니닝,1,사용해본 은행어플중 최악,"정기예금 들려고 여러은행 보다가,
신한은행으로 처음 가입하려 했는데
어플이 너무 최악이라 다른 은행으로 갈아탔어요 ㅋㅋ 신한 이용하면 앞으로도 인터넷 뱅킹 헬이겠다 싶어서 ㅋㅋㅋㅋ 가입하려는데 1차 폰번호 인증번호 그대로 입력했는데 10번 오류남, 2차 민증 인식을 아예 못함ㅋㅋ, 3차 다른 신분증으로 인증후 계좌개설 로딩 10분째 -포기 ㅋㅋㅋㅋㅋㅋ 은행 어플이 이정도면… 그러고보니 뉴스에 나왔던 신한은행 오류들이 많았던듯. 다들 참고하세요!",2025-02-03T05:10:27-07:00
루기야스,3,잘되던,"입출금 알림이 왜 갑자기 안되는건가요 
물론 어플 설정은 되어 있습니다만;",2025-02-03T03:59:05-07:00
m.___.,1,페이스인증,"진짜 안됨
아이폰 자체 페이스인증은 딴 곳 봐도 잘 되는데 
신한 자체 페이스인증 시스템은 한 번 만에 인증 되는 꼴을 못 봄
얼굴 똑바로 들어도 인증 못함

그리고 페이스아이디 한 번 틀렸는데 재등록 해야해서 아이디 로그인 했더니 
아이디 로그인 방식으로는 이체 못함

페이스아이디 만든다고 오만 개지랄을 다 했는데 과정에서도 문제 많음

민증 인식이 안된다던지 얼굴 돌려가면서 얼굴 인식 하는 것도 기본 3번은 해야지 성공함
회사에서 거의 20분 넘게 걸림

자체 페이스아이디 기능 개선 진짜 많이 해야할듯

매 번 페이스아이디 때문에 신한 거래 때려치고 싶은데 적금 만료되면 신한 이용하는거 다새 생각 해 볼 절도",2025-02-02T17:51:02-07:00
너없인 못산다,5,토스뱅크 사용중인데 연결 젂,"토스사용중인데 추천받아 적금가입해요
좋네요",2025-02-02T00:22:15-07:00
"J,lee",5,이벤트,포인트 주는 이벤트가 점점 적어져요,2025-02-01T19:08:28-07:00
예쁜강,5,편리함,스마트폰으로 쉽게 할수있어 편리합니다,2025-01-31T00:22:29-07:00
신한팜,3,얼굴인식 불편,얼굴 인식이 너무 오래걸려요,2025-01-30T23:21:12-07:00
김지형형,1,비대면 서류제출 무한로딩,"아이폰인데 저거 무한로딩에 신한인증서 패턴그리면 일시적인
오류래요 몇주째 이래요 짜증남
최신버전입니다
똑같은 문제로 리뷰가 많은데
증상재현이
안된다??? 말이되나요??",2025-01-30T22:12:58-07:00
한방물티슈,1,이체가 안된다,"은행앱 5개 쓰는데 계좌 이체 오류가 가장 많은 앱. 기본 중의 기본인 기능인데..
보안카드 번호 입력 후 하얀 화면만 뜹니다.",2025-01-30T18:58:07-07:00
옥동자님 100,5,사용하기 편해요,많은 이벤트 부탁합니다.,2025-01-30T16:23:56-07:00
ㅇㅇoㅇㅇo,1,개쓰레기,신분증 다른은행 다되는걸 몇십번해도 안되는건 뭔 경운지,2025-01-30T12:47:03-07:00
허호휴로소고,1,갸 그지같은 인증방식,공산당이냐??? 얼굴인증을 하래,2025-01-27T00:37:50-07:00
댕굴멩,1,자동이체 오류,주택청약 자동이체 한달에 5만원 걸어놨는데 이번달에 1분간격으로 5만원씩 3번이 이체됐어요. 뺄수도 없고 어떡하나요? 몇달 안넣었다고 한번에 세번을 빼간건가요? 그건 잘못된 로직 아닌가요??,2025-01-27T00:12:33-07:00
나@#,5,편안함,굿,2025-01-26T03:37:42-07:00
12개월 2400,5,적금짱,적금가입니 수월함,2025-01-26T01:05:30-07:00
환불ㄴ,1,인증못해서 돈도못뺌,최악임 그냥,2025-01-25T04:54:56-07:00
아이스케끼맨,5,잘사용하고있습니다,"한가지 부탁드리고 싶은게 예전엔 입출금 알람음을 다르게 설정했던거 같은데 지금은 단순하게 하나의 설정음이 되는거 같아 조금 아쉽습니다. 
다음 업데이트엔 포함되었으면 좋겠습니다.",2025-01-23T20:02:45-07:00
seongmin0,1,신분증 인식 10번 실패함,적당히 실패해야지,2025-01-22T05:25:05-07:00
루돌프 사슴코,4,입출금 알림 잔액,입출금 알림에 잔액도 떴으면 좋겠어요,2025-01-18T07:18:44-07:00
없어몰라222222,1,비대면서류제출 무한루프..,대출 간단연기위해 비대면사류제출 필수 선택동의하고 다음 누르면 무한 뺑뺑이... 제발 개선좀 해줘요 이게뭡니까.. 은행시스템이..,2025-01-17T20:02:55-07:00
승리안,5,편리하고,친절하면 안심된다,2025-01-16T17:14:55-07:00
말랑이 스노우,5,새해,새로운 마음으로 저금 시작해요!!!,2025-01-15T18:11:42-07:00
인증안됨화나,1,인증이 안돼요,"계좌만들기 여권이랑 청소년증으로 10번 넘게 했는데 계속 인증이
안돼네요 진짜 너무 화나요 별 0개 주고싶어요 ㅜㅜ",2025-01-15T02:53:37-07:00
타이밍...,1,신분증촬영,"핸드폰번호바껴서 신분증촬영하려하는데 뭣짓거릴해도
촬영이 안되요 다른어플들은 대충해도
잘만찍히는데 신한은 촬영 진짜안되네요",2025-01-14T01:33:33-07:00
명수12,5,친절합니다,안내직원이 친절하네요,2025-01-12T20:24:04-07:00
Sishcieikwn,1,한도변경,도 못하는 개 쓰레기 은행,2025-01-09T23:42:37-07:00
라아아어어낭,1,인식,왜 민증 인식을 못하나요 다른 리뷰보니 이런사람 많은데 좀 고쳐주세요,2025-01-08T20:17:26-07:00
Kim.ty,1,인증 안됨,하루종일 주민등록증 인식하는중이라더니만 시간초과로 로그아웃되버리더니 온라인 운전면허증 인식도 못해~ 주민증 사진찍어도 못해~ 신한은행 거래 포기함.,2025-01-08T17:59:48-07:00
뚜라따,5,스마트폰뱅킹,쉽고 빨라서 좋아요,2025-01-07T20:53:48-07:00
갸갸겨겨구구,1,진짜,개불편함,2025-01-07T18:54:12-07:00
gon2zzang,1,ㅋㅋㅋ니들이 그렇지,이게 최선을 다해서 서류 검토하고 1차 2차 면접까지 통해서 채용한 애들이 만든 앱 맞지? 내가 그냥 자선봉사치고 앱 개선해줄까? 한심하다,2025-01-07T17:53:38-07:00
썩준,5,적금가입,신한금융 첫개설하면서 적금까지 가입 완료,2025-01-07T16:00:39-07:00
비터포토,4,타크화면,"다크화면 지원해주세요. 
그래야 보기에 편해서..",2025-01-06T14:58:46-07:00
빈경공,1,아진짜,왜이렇게버퍼링도 심하고 다른 은행앱이랑 비교하면 너무 답답해요 인증도 한번에 안되구;,2025-01-06T03:00:34-07:00
ㅗㅗㅡ.ㅡ,1,비대면 인증,"비대면 인증이 안 되네요
계속 사진이 다르다고 오류 뜨더니
10번정도 하니까 진위확인
가능 횟수 초과라네요…",2025-01-06T02:23:21-07:00
bellisak,5,15년째 잘 사용중입니다,2010년도 대학 새내기 때부터 현재까지 잘 사용중입니다,2025-01-05T05:23:23-07:00
피글렛친구,5,적금은 신한은행 최고!,적금은 신한은행이최고!!,2025-01-02T23:54:38-07:00
11887537,5,가입신속,"가입하는데 신속해서 
편리합니다",2025-01-02T17:27:20-07:00
시민7,4,KB국민은행 보다는 훨씬 낫다,KB국민은 보다는 훨씬 낫다,2025-01-01T09:34:49-07:00
ohcastra22,1,진짜 매번 은행링크가 이상하게 안열려요ㅠ그지같음,ㅇㅇㅇㅇ,2024-12-30T05:30:22-07:00
뿡땃짱,5,금융인증서 로그인이 안됨,로그인 시 금융인증서 버튼 누르면 로딩 버튼만 빙글빙글 돌아감. 앱 재설치 해도 동일한 증상이 나타남.,2024-12-28T22:04:52-07:00
난탈출,1,앱이 아예 열리지가 않음,이게 말이되나...,2024-12-26T21:44:05-07:00
신한SON,5,50+걷기 너무 좋아요,이 혜택으로 신한은행 호감도가 많이 증가하였습니다,2024-12-26T05:11:45-07:00
자연커피,5,사용이 편리합니다,예금및 적금 가입이 신속하고 편리하네요,2024-12-23T18:34:05-07:00
cowiru,4,입출금 알림 안됨..,"다 좋은데.. 입출금 알림이 안옴.. 신한카드는 알림이 오는데
뱅킹만 안됨… 지우고 새로 깔아도 안됨.. 왜일까.. 아이폰 사용중…",2024-12-22T19:59:53-07:00
주거래라구요,1,앱이 안열려요...,"저 여기 볼리비아인데요.. 제 주거래은행이 신한이라 정말 중요한데 어플이 안열리네요... 혹시나해서 다른 은행 어플 켜봤는데 하나,국민,우리, 카카오뱅크 다열립니다. 심지어 증권어플도 열려요. 근데 신한 어플만 첫 랜딩 페이지 이후 흰 화면에 로딩만 몇분째 제자리고 넘어가질 않습니다",2024-12-22T18:10:06-07:00
For로리,1,쓰레기어플 별 반개도 아깝다,얼굴인식 JOAT어플. 그냥 페이스아이디 쓰는 다른 앱들은 바보들이라 그런 줄 아나? 돈을 쓰잘데기 없는데 써서 쓰레기같은 얼굴인식 되지도않고 오래걸리는거 불편해 죽겠네. 2025년까지 얼굴인식 개선 안하면 급여계좌 바꾸고 어플 비운다,2024-12-22T17:10:21-07:00
파란깃발,1,신분증,신분증 확인이 안되는데 어쩌라는거냐,2024-12-22T02:15:30-07:00
집가자,1,인증률이 이렇게 거지같을수 있나,"모바일 OTP 재발급 하라고 해서 신분증 인증하는데
인식이 안됨
밝은 환경, 어두운 환경, 정면 촬영, 약간 기울여서 촬영 다해봐도 인식 안됨
이렇게 개떡같이 만들수 있나
다른 은행, 증권 어플에서 수도 없이 해봤지만 이런경우가 없었음
이렇게 만들기도 힘들것다",2024-12-21T18:33:12-07:00
픙경소리,5,간단한 가입!!,은행에 가지 않고도 단기 예금 가입이 수월하게 가능하니 좋습니다!!,2024-12-21T05:39:37-07:00
젊은경비,1,아니 진짜 인증,"언제 좀 수정하실껀가요

뒤쳐지지 마십시오 제발

내 얼굴 들이밀어도 내가 아니라고 하면 인증은 도대체 어떻게 합니까???",2024-12-20T07:03:02-07:00
개념 ㅋ,3,최악은행,이렇게 운영방식 제대로 안잡힌 곳 처음임 ㅋㅋㅋㅋㅋ 이용하는데 불편해서 절대로 이 은행 다시는 이용 안할듯 그런데 지금 계좌에 돈이 들어있어서 빼야하는데 비밀번호 까먹어서 인증하려고 하는데 영상통화에다가… 몇번을 방복했는데 인증이 안됨 개불편 진짜 다들 이용마세요~~,2024-12-20T06:39:17-07:00
yoongirl93,1,실명확인 안 돼요,외국인등록증이 어플로 인식이 안 돼서 비대명 실명확인을 할 수 없어요. 😭,2024-12-20T00:06:26-07:00
우러딜,1,알굴 인식좀 개선해라,다른 은행 어플은 인식 잘만하는데 신한은행만 진짜 더럽게 안되네 일들 안하나,2024-12-19T23:42:55-07:00
리엑션,5,신한  이웃,편리함  굿,2024-12-19T17:20:36-07:00
봄감자,1,신분증 인증 무한 로딩,인증서 발급이 불가능합니다. 신분증 인식 제대로 되었는데도 그냥 무한로딩에 아무 버튼도 안 먹힙니다. 최신버전 앱에 빛반사 없는 사진으로 숫자 인식도 정상적으로 되었는데 그렇습니다. 형편없어요.,2024-12-18T04:21:17-07:00
ㅈㅈㅎㄱㄷㅇ,5,SOL트래블 잘 사용하고 있습니다만,"이용내역에 메모를 추가할 수 있으면 더 좋을 거 같습니다.
아무래도 해외 결제 내역들이라 결제처만 보고 어떤 구매/결제 내역인지 바로 인지하는데 어려움이 있습니다.
외에는 잘 사용하고 있습니다!",2024-12-18T00:11:03-07:00
Charisima,4,이전단계로 돌아가기가 찾기힘들어요ㅠ,"잘못확인한 건에 대한 이전단계는 무조건 화살표 전단계가 아닌가봐요 ㅠㅠ 아예 새로 빠져서 다시~ 했네요 
내가 잘못 눌른건지… ㅎ",2024-12-17T23:18:01-07:00
하마베미나미,1,신분증 확인,"찍어서 넘어갔더니 무슨 로딩만 무한대로 돌리네
신분증 이미 인증해서 인증서 발급했는데 
쓸모없는 절차로 사람 방해하네..
신분증 확인이라도 제대로 작동하게 만들던가 
지들이 인식하고 넘어가놓고 안되게 하는건 진짜 악질이네",2024-12-17T16:17:08-07:00
자연귀인,4,느려요,앱 동작이 느려요. 무거워요,2024-12-17T06:11:37-07:00
나의 엔도르핀,5,안양에서 울진으로..,안양에서 이곳 울진으로 이사왔어도 신한은행의 친절함을 잊지않고 있어요^^,2024-12-16T20:53:01-07:00
스시쉐프,5,좋아요,좋아요,2024-12-14T08:56:27-07:00
우사기스키,5,예금가입,예상 계산기가 있어 편리하고 좋았어요,2024-12-12T22:28:38-07:00
룰랭이,1,졸라ㅋ웃기네ㅋ,꼬박꼬박 카드값 미리냈는데 사용자 화면에서 결제창 열리고 고객센터 전화면 맨날 앱 깔았다가 다시지우라고하고ㅋㅋㅋ 오류 나면 고객이 앱을 지웠다가 깔아야되는게 말이되나?ㅋㅋㅋㅋ 앱만 여러개 만들지 말고 통합을하던가 아님 개발을 잘하던가 고객센터도 해결못해서 이거 당하는 고객들만 빡쳐하지 개발어떻게들 하는지 진짜 개빡치네요,2024-12-12T19:26:21-07:00
멍멍이와야옹이,1,위임장 작성 안되요.,"이 어플 버그 투성인데, 위임장 작성도 안되네요. 제발 좀 QA좀 하고 출시하세요. 평점은 조작을 한건지 높네요",2024-12-12T16:19:16-07:00
슈테른,1,신분증 촬영 1시간 걸려요?,20분을 들고있어도 자동으로 촬영 안되는데 하.. 도대체 얼마나 들고있으라고요!!! 뭐 앱을 이따위로 만들어놨어 하.. 짜증나네. 자동촬영? 계속 파란띠안에 넣어도 촬영안되는데 왜 이렇세 멍청하게 만들었어요?????,2024-12-11T21:38:42-07:00
개별로사기티는신함은행,1,걍최악,N개월동안 송금 자체가 안돼요 ㅋㅋ ㅋㅋ ㅋㅋ 만오천원 걍 먹어버리넹ㅅ 문의했더니 신한은행 직접 방문 하라네요 ㅋㅋ ㅋㅋ 무책임해요,2024-12-11T21:32:19-07:00
논현동 쪼이,5,쏠편한 예금 가입 후기,"정말 쉽고 간단해서 가입하기 진짜 수월하네요.
눈깜빡 할 사이에 후다닥 예금 가입 완료^^",2024-12-10T04:19:33-07:00
10아트,3,이체하기 버튼 터치 안됨,메인 화면에서 이체하기 버튼이 안되서 불편해요. 엄청 여러번 눌러야 한번 될까 말까 합니다.,2024-12-10T01:58:36-07:00
라라루라루,1,불편하네요,불편하네요,2024-12-09T16:07:02-07:00
Goyoungwo,5,편리합니다,잘사용하고있음니다,2024-12-08T17:03:28-07:00
아거여ㅗ고ㅠㅕ,3,앱이정말,빠릿빠릿하네요 비결이뭔가요?,2024-12-07T22:18:18-07:00
🐶🐰🐻‍❄️🐮🐵🐱🦊🐨🐷🐭🐻🐸,1,앱개발자 문제의견제시,"간편비밀번호 교체하기위해 인증하는도중 버퍼링만 걸리고 단계넘어갈수록 됏다 안됏다 합니다 
앱자체 문제해결 요망",2024-12-06T19:24:54-07:00
망갬탐정단,5,진짜 뭣같네요,인증 방식도 ㅈ같고 진짜 학생증을 20번은 찍은거 같은데 진짜 개 ㅈ같네요 비추 애플페이 쓸라고 만들려고 했는데 진짜 쓰지 마세요; 시간만 버렸네요 반성좀 하시길 농협 최고 국민은행 최고,2024-12-06T18:44:11-07:00
ㅡㅜㅡㅜㅜ,1,신한 너무 마음에 안들어,모바일 OTP 발급도 무한로딩 돼서 못받고 있는데 쓸데없이 영상통화 확인을 왜 쳐만들어서 12시 넘어서 당장 쓰려고 할때 못쓰게 만들어,2024-12-05T08:15:35-07:00
리꽄,1,진짜 쓰기싫어짐,"앱자체가 실행이 안되는데 뭘 인증하고 뭘쓰라는거인지 
다른은행 앱은 안그런데 신한만 앱키면 멈춤",2024-12-04T18:46:11-07:00
히히햐흫햐히,1,비대면 신분증 인증 거지같아요,카메라 전환이 안되고 온통 검은 화면으로만 나와요 시간이 아깝네요,2024-12-01T23:29:19-07:00
큰손이현,5,적금,쉽게빠르게가입했습니다,2024-12-01T18:05:04-07:00
Wogus024!!,1,어플 완전쓰레기네,참 번호변경하려하니 재대로 인식도 안되고 신한답네,2024-11-30T20:34:03-07:00
구뚜땡,5,1개월가입,"다음달 만료인 저축예금까지 1개월 예금이 필요해가입합니다 만료후 재가입할 예정입니다 
간편하게 가입할수있어 만족합니다",2024-11-30T07:39:16-07:00
^^^..,1,절대 신한은행 안씀,"무한 인증, 앞으로 안넘어감,신분증 인식불가
1분이면 할걸 30분동안 안함 이 앱덕분에 앞으로 신한은행 안씀",2024-11-30T06:29:40-07:00
구씨다,1,아직도 안됨,아직도 무한 뺑뺑이 인증서 연장해야 하는데 안됩니다,2024-11-30T03:29:23-07:00
히디니다,1,버퍼링 미쳤어요..;;,"해외에서 솔트래블 조금씩 충전해서 쓰는데 몇십분째 버퍼링만 돌아가요
신한카드랑 둘다..;; 제 데이터 문젠가 싶어서 다른 어플이나 인터넷 켜보면 잘만돌아가네요..
이런 리뷰 잘 안쓰는데 너무 열받아서 씁니다...
원래 신한어플 진짜 빨랐는데 요새 이상해요",2024-11-29T22:27:18-07:00
별명할거업다,1,참 신기하다,"앱 이렇게 만들어두고 윗선에서 잘했다고 돈받았을거 생각하니까 분노가 막 차오를 수 밖에 없네ㅋㅋ
신분증인증 안돼서 지금 거의 일주일째 쩔쩔매고 있는데 내 카메라 문제인가 싶어서 알콜솜으로도 닦아보고 했는데 매번 인증이 안되네 진짜 아오",2024-11-29T19:58:35-07:00
8bittybyte,4,다 좋은데 다크모드 넣어주세요,다크모드를 선호하는 사람들도 적지 않기에 넣어주셨으면 합니다,2024-11-29T05:09:38-07:00
평안 미아,2,다른은행 앱처럼 전요 금액 밑에 나오게 왜 개발을 안하시나요,다른은행 앱처럼 전요 금액 밑에 나오게 왜 개발을 안하시나요  너무 불편 한데요?,2024-11-28T23:38:20-07:00
천년여인,2,알뜰쏠,무조건 이자 많이 받고 싶은게 인지상정,2024-11-28T19:25:16-07:00
suan96,2,사용성 미달,검색기능이라도 키워드 알고리즘이라도 잘맞춰서 잘나오게 하던게 수백가지 메뉴에서 검색기능으로 찾으려고 하는게 90프로는 일치해야 알려주는데 사용성 제로에 진짜 씹별로임 금융 에바 하나은행 케이뱅크 반만이라도 따라가라,2024-11-27T22:05:32-07:00
여우별8,3,낮에 신분증 인식 제대로 안 됨.,"창가 옆에서 신분증 인식을 하는데 몇 번이나 인식이 잘 안 됨. 
인식된 내용은 신분증에 있는 내용이 맞게 나오는데 인식이 제대로 안 된다고 나오니.

SUPER SOL 앱으로 통합한다고 나오더니 결국에는 설치할 앱만 하나 더 늘어날 뿐.
각 앱(뱅크, 카드)에서 제공하던 이벤트를 SUPER SOL 앱에만 할 수 있게 만드니.",2024-11-27T21:54:20-07:00
그냥설치,1,이체 위젯을 사용했을때 자동 로그인이 풀립니다,"자동 로그인이 되어 있음에도 이체 위젯을 클릭해서 들어갈 때는 무조건 다시 로그인을 하네요
자동 로그인 된 상태로 바로 이체가 되도록 해 주세요",2024-11-27T20:25:13-07:00
신한은행 앱?ㅋㅋ,1,비대면 인증 왜 만들었죠?,신분증 확인만 수천년 걸리겠네 앱이라고 만들었음 잘 구동되는지 확인도 안하는지 어휴,2024-11-26T20:01:39-07:00
동백사랑,5,신한은행,좋아요,2024-11-26T18:07:01-07:00
객관적으로 말한다,1,최악의 은행앱입니다,"신분증 확인도 안되고, 
확인되니까 영상통화시간이 아니니까 
인증 불가능 하다고 말하고

영화통화 가능시간엔 신분증 진짜인지 구분이 안가니
영업점에 방문하라고요?

이래도 안돼 저래도 안돼
사용자를 너무 화나게 합니다
덕분에 주거래 은행 바꿨습니다",2024-11-26T17:09:33-07:00
y283kn,1,더러워서 못써먹겠네,"신분증 촬영 인식을
왤케 못해요
별난리를 쳐도 인식을 못하는데
누구 똥개훈련 시키나요?",2024-11-25T01:19:45-07:00
급여클럽,2,급여클럽은 평생 못들어가고 포인트도 못받나요,맨날 잠시후 이용가능하다는데요?,2024-11-25T01:10:40-07:00
산소여인,3,가입 절차가,너무 복잡해요,2024-11-25T00:38:25-07:00
웅이성,5,신속한 가입,궁금한 건 전화로 묻고 원하는 대로 앱에서 직접 간편가입. 좋아요.,2024-11-24T18:53:38-07:00
별명등록못해먹겠네,1,로그인 하나로 최악의 ux 은행어플임,"하루에 1~2번 이상 페이스로그인 오류ㅡ.,ㅡ 얼굴등록은 대체 몇번을 해야하는지 모르겠음. 이정도면 고객 얼굴 정보 유출또는 판매 하는건지 의심. 타 은행들처럼 아이폰에 등록된 페이스아이디로 로그인할수있게 하던가 아님 아예 빼버리세요. ui 리뉴얼 하면 뭐함. 로그인을 못해서 화병날거같은데. 조만간 아예 다른 은행으로 갈아탈듯",2024-11-24T16:26:18-07:00
대둔산 달,5,좋아요,유용하고 편리해요,2024-11-23T22:57:15-07:00
한방에즐,1,단연코 제일 느린 은행 앱입니다,우리 부산 우리 기업 수협 mg 카카오 kbank 모바일 뱅킹 쓰는데 신한이 제일 느리고 인식 떨어짐,2024-11-21T22:28:55-07:00
sksuuyyu,1,비대면 실명인증 안됨,"진짜 몇번을 시도해도 절대 안되는 개똥같은 방식
다른은행어플은 잘만되는데 똑같이 찍어도 신한어플만 존나게 안됨 개빡치게",2024-11-21T21:24:38-07:00
미술행쓰리스타,5,인증방식 진짜 쓰레기같고 최악이네요,비대면 인증을 하는데 영상통화로 인증하는 방식 도대체 누구 아이디어 입니까? 영상통화 인증을 하려고하면 영상통화 가능한 시간대가 아니라고 하며 인증자체가 안되는데 그러면 어떻게 인증을 하라는거죠? 진짜 쓸데 없는 인증 방식 없앴으면 합니다 진짜 쓰레기같고 최악이네요. 영상통화 시간이 아니라고 인증이 안되면 다른방식의 인증 방식이 있어야하는데 그런것도 없고 이건 뭐 ㅋㅋ 이거 만든사람 혹시 중졸인가요? 생각이 없는 사람인거같네요,2024-11-21T05:53:59-07:00
돌쇠돌쇠,5,편리함,빠르고 편리하고 이해하기 쉬움,2024-11-20T22:18:22-07:00
쑤니써얼,5,편해요~~,좋아요 무조건 신한쏠~~~,2024-11-18T02:24:02-07:00
희림칵텔,5,배지 사용법,"알림배지 설정을하고 싶은데 다른앱들과 달리 배지설정 탭이 없네요.
어떻게 사용해야하나요?",2024-11-13T15:02:22-07:00
후우우우우아,1,아 ㅡㅡ 어플 인증 이따위로 만들지 마세요.,아 ㅡㅡ,2024-11-12T06:09:53-07:00
은월9,1,지잘못도 모르고 어디서 적반하장으로,"좋게 봐줄려했더만 
신분증 인증이 안되는데 
지 잘못도 못 깨닫고 적반하장으로 나오네!! 
고객 입장에서 열이 받는데 
그렇게 살지 마슈~~ 
못되 처먹게 그냥~~!!
다른 은행도 많다",2024-11-11T02:19:30-07:00
츠지키,4,자유다,간편하여 접근성이 좋음,2024-11-10T17:37:31-07:00
정똥팔,5,너무 보기편하고 사용하기가 쉽고 좋아요 최고에요,최고,2024-11-10T00:52:41-07:00
eWw휴,1,모바일 오티피 발급시 오류,비대면 신분증 인증할때 인식이 안되면 빨리 이전으로 돌아가서 다시 신분증 인식해달라고 하는게 낫지 않나요? 무한로딩 걸리는데 너무 불편하네여,2024-11-09T00:07:19-07:00
dksehlsmsebabd,1,무한 로딩 어떻게 하나요,"회원등록하고 확인 누르니까 계속 무한로딩입니다
계좌 좀 만듭시다",2024-11-08T07:02:45-07:00
코알소영,1,로그인 오류,"현재  로그인이 되지 않고 있습니다.
어떤 로그인이든 입력 후에 로딩중인 상태로 넘어가지 않습니다.",2024-11-08T06:36:20-07:00
청정라거테,1,개발자는 개발 접으세요,"앱 그지같이 만듬ㅋㅋㅋ
토스보고 좀 배워라",2024-11-07T16:31:13-07:00
qkdrnld,1,개선부탁합니다,신분증 인식방식 왜이렇게 인식을 못하나요 개선좀 해주세요,2024-11-06T19:33:59-07:00
8RT,5,업무처리,업무처리 친절하고 마무리 잘해주심,2024-11-05T23:07:17-07:00
라임리프,5,ㅋ,너무좋음,2024-11-05T22:56:47-07:00
이런겜넘좋아,5,신분증 인식 안됨 최악입니다,"진짜 몇번을 계속해도 인증도 안되고, 그러면 다른 방식으로 차라리 영상통화라도 하게해주던가요. 진짜 고객 확인제도로 이거 하는데 아예안되서 무슨 어플 자체를 이용을 못해요 ㅡㅡ 이렇게 인식 안되는 은행은 또 처음이네요",2024-11-05T17:15:51-07:00
병날거같으니까걍넘어가,3,후불 교통카드 결제일 변경,후불 교통카드 결제일 변경은 눈 씻고 찾아봐도 없고 해외 골프 예약 칸만 있는 이상한 앱 제발 은행 앱에선 은행 업무만 볼 수 있게 해주세요,2024-11-05T09:34:02-07:00
앰버슈,1,토스 좀 보고 배워라,"업뎃하고 확인 안하냐?
개병신처럼 해놔서 졸라 짜증난다",2024-11-05T02:57:50-07:00
bsj0706,1,이체 후 광고는 어떤 놈 생각임?,저기 광고 넣은 인간 제발 삼대가 저주 받길 바란다,2024-11-04T23:52:54-07:00
뽈뽈죠아,5,가입 좋음,빠르고 좋네요,2024-11-04T18:13:11-07:00
은혜남편짱이아빠,5,좋은데 딱하나,"페이스 인증 토스나 카뱅처럼 해주는것이 어려울까요?
인증실패가 너무 잦아요",2024-11-04T15:33:33-07:00
킴봉벙,1,계좌인증할때,"계좌인증하고 다른
은행 인증할때 왜 전체 비밀번호를
넣어야되나요? 정보유출에 위험성이 있어보입니다",2024-11-04T15:33:27-07:00
레몬퀸,5,안전한은행,좋습니다,2024-11-04T15:10:41-07:00
에러탐지기,1,신한인증서 진짜 개쓰레기입니다 개선 필요합니다,"계좌를 입력하고 계좌에 1원이랑 숫자 4자리가 도착했는데 다음 순서로 안 넘어가고 로그인 화면으로 넘어가서는 로그인하라고 합니다 이걸 반복하고 있습니다
아니 인증서도 못 받았는데 이러는게 말이 됩니까?
예전에도 이러더니 또 이러네요
저만 이러나요?",2024-11-03T22:37:47-07:00
MShaper,1,교통카드 납부란을 만들어주세요,"인터넷에 처봐도, 앱에 싹다 뒤져도 교통카드 납부에 대해서는 1도 안보이는데 편의성이 개편된건 맞나요?
이렇게 인터페이스 구린건 처음봅니다.
교통카드 납부일이 3일이라는데 문자도 안옵니다.",2024-11-03T17:08:29-07:00
크라잉초코볼,1,신분증촬영 화나네요,"가이드라인에 맞추면 촬영된다며? 도대체 언제? 팔 떨어지겠네요.
이럴거면 수동촬영 버튼이라도 달아두던지.",2024-11-02T02:25:21-07:00
TristanAHN,5,계좌이체 오류,그동안 잘 써왔는데 최근 몇일전부터 계좌이체 최근 이체 계좌로 이체하려고하면 비밀번호 누르는 곳에서 뺑뺑이가 돌면서 진행이 안되고 앱 종료후 다시 수동으로 계좌 입력 해야 진행되네요. 버그 잡아주세요,2024-10-31T21:41:08-07:00
우~~~~~우,3,배지,입출금 알림 배지가 표시되지 않아 불편합니다 개선 부탁합니다,2024-10-31T09:16:56-07:00
더랴셛,1,자산탭 왜 안뜨나요 ??,일주일째 자산페이지가 먹통 .. 확인좀 해주세요 ㅠㅠ,2024-10-31T04:48:53-07:00
어배배,4,아이폰 입출금 미리보기 설정 방법 좀 알려주세요,입출금내역 푸시알림을 미리보기 안했다가 다시 미리보기에 추가하려니 안되는데 어디서 설정하나요? 폰 자체 알림 설정에는 모두 미리보기 가능하도록 설정했는데도 안돼요. 고객 센터에 물어봐도 답이 잘 안되네요.,2024-10-30T19:06:12-07:00
Baksh3464,1,인증이 안된다는 사실 정말임,이앱 만든이 정말개똥 앱을 만들었어 인증이 안되 인증이 잘못됐다는 멍멍이 같은 소리만 계속하네 정말 신한은행 버려야 하겠네 신한은행 이용하지 않으면 이런일도 없겠죠? ㅋㅋ 멍멍이 같은,2024-10-30T04:43:44-07:00
다 사용중이면 뭘 별명으로 하라는거야,5,Meme,"Meme 카드가 안 만들어져요 월급 받아야하는데 이러다 못 받겠어요
자꾸 처리가 늦어져서 죄송합니다 다시 시도해주세요 이래요. 저 월급받아야 한다구요 제발려",2024-10-30T00:03:53-07:00
체리여사,5,적금가입,적금가입하기 쉬워서 감사합니다,2024-10-29T05:49:59-07:00
ㅇㅇㅎㅁㅎㅁㅗㅍ,1,신분증인증불가 무한반복,신한 앱은 다 왜이런가요,2024-10-29T02:46:21-07:00
간이역,2,자산 탭이 왜 아무것도 나오지 읺나요?,소프트웨어가 ios 16.7.10 밖에 최신으로 못올리는 이이폰 8을 쓰고 있는 회원인데 ios 17이 넘어야 제대로 쓸 수 있게 업그레이드 한 건가요?,2024-10-28T21:35:13-07:00
광고도 골라서 받쟈,2,입출금알림 푸쉬 설정해도 안옴,설정 제대로 되어있는데 왜 안오는걸까요?,2024-10-28T18:46:04-07:00
로로피피,5,기분좋은 신한 SOL,좋아하는 야구정보 공유하고 경품타고 일석이조,2024-10-28T06:54:40-07:00
은짱❤️,5,스마트적금,너무나 편리하고 좋아요,2024-10-28T02:40:35-07:00
ㅋㅋgjk,5,짱,내사랑신한,2024-10-27T16:29:36-07:00
조용개,5,아이콘 변경이 필요할 듯요,SOL Pay SOL Bank 등 아이콘이 비슷하게 생겨서 잘못 누를 때가 있는데 구분이 용이한 디자인으로 변경하면 편리할 듯 합니다.,2024-10-26T23:05:57-07:00
여우앤별,5,예적금 가입이 쉬워요,오늘 예적금 가입했어요,2024-10-24T22:28:33-07:00
suntrue55,1,그놈의 프로그램 리스트,"프로그램 리스트에 등록되지 않았습니다<<<<<<

도대체 뭐 어쩌라는거임??
도저히 해결이 안되서 적금 예금 아무것도 못함
주거래 은행인데 10년 넘게, 결국 타은행으로 갈아타게 만드시네요 대단합니다~!",2024-10-23T15:10:54-07:00
매덩이맘,5,편리해요,이용하기 편하게 되어있습니다,2024-10-22T18:52:13-07:00
레일,1,리뷰,"새로운 앱으로 이동 유도하려고 불편한 점들을 방치하는게 정당한 핑계가 되는지, 손님 돈 예금 서비스하지만 그 돈으로 이미 자기들 이익을 위해 사용하고 있으면서 이체할 때마다 광고를 띄우는게 정당한 건지 궁금하다. 지들이 손님보다 위에 있다는 생각이 기저에 깔려 있어야만 가능한 이런 정책들 지시하는 사람이 누군가요?",2024-10-21T17:33:17-07:00
mila__kim,3,아이폰16 비대면 실명 인증 무한로딩..,"업데이트받고 해봤는데, 안되네요.. 무한도링 돕니다ㅜㅜ 모바일OTP 발급좀 받게 해주세요.. 신한투자에서 돈을 못빼고있어요",2024-10-21T07:34:19-07:00
뚱자야,5,최고,친절한 상담 감사합니다,2024-10-20T21:25:50-07:00
baedddd,1,최악,"인증 진짜 최악입니다 리뷰에도 난리인데 왜 개선 안하는건가요? 소중한 시간 이딴식으로 뺏어가지 마세요
인증서 내려받기 실패 얼굴인증 실패 신분증 확인 실패 뭐가 다 실패인가요 몇번 시도해야 성공할건가요? 신분증은 심지어 인식 다해놓고 확인한다고 로딩만 한세월이고 안넘어갑니다 저 리뷰 진짜 처음 써보는데 이딴 은행 어플이 다있나요",2024-10-19T13:39:20-07:00
추위가싫은펭귄2,5,쏠 유니버스와 차이점,쏠 뱅크랑 유니버스랑 앱이 두개인데 뭐다 다른건가요?? 뱅킹 기능은 동일한가요??,2024-10-18T23:25:36-07:00
앱별로임,3,너무 복잡해요,"간단히 본인 확인 전화통화해서 하나 인증에
넣으면  이리 복잡할 필요가 있나",2024-10-17T00:31:58-07:00
hellowooju,1,아이폰15프로맥스사용자입니다,"이어플에서
신한인증서발급시본인인증신분증촬영후확인중만뜨고다음화면으로수십분을기다려도안됩니다신한은행이라는믿음이깨집니다확인후개선부탁드립니다",2024-10-15T22:57:56-07:00
포아,3,광고 일림 거부 제발,광고 일림 거부 해도 광고 계속 수신해도 계속 광고가 날라옵니다.,2024-10-15T19:03:54-07:00
정서노기,5,처음으로 예금,"난생처음으로 예금 합니다~~
해지 안하고 잘해보고록 하겠습니다",2024-10-14T04:02:31-07:00
은행앱들 좀 노력하자,1,다른 온라인 은행권에 비교 기존 은행권이 온라인 앱의 차이점,"요즘 신규 온라인 은행원 앱들은 사용하면서 더욱 느끼는점 (카카오뱅크 ,케이뱅크 )비교
온라인뱅크는 앱들의 편의성 접근성 등 어떻게 든 사용자들의 이용을 더욱 편하게 할지 등을 고민한다는걸 느껴지는 반면 기존 은행권들은 먼가 그냥 옆에 다른 은행권들이 하니까 어쩔수 없이 하는 느낌이 더욱 강하게 나타남 더욱이 온라인뱅크는 사용자들에 기업들이 맞추어 가면서 문제점을 개선하려는 느낌을 강하게 주고있지만 
기존 은행권 앱들을 보면 드는 기분은 은행권이 절때 갑이면서 사용자들 보고 우리 앱에 너희가 맞추라고 하느는 느낌을 강하게 느낄수 있는것 같다 앱을 이용하면서 느끼는 점은 무슨 뭐하나 찾고 할때마다 이것 저것 원하는게 너무 많고 기존에 이미 가입을 하면서 본인들이 조금만 노력하면 찾을수 있는것들을 본인들이 할 생각이 없는지 그런 문제점을 끝까지 고수하면서 앱의 사용하면서 스트레스만을 주며 그 은행의 이미지 까지 말아먹을려고 안간힘을 쓰고 있다는 확신을 어필하려 노력하는것이 보임",2024-10-12T06:55:41-07:00
으에이이엥,5,신한은행이 믿음이가요,제일 신뢰가 있어요,2024-10-11T19:24:54-07:00
Hasirulee,5,신한,"사용하기 좋아요. 
감사합니다.",2024-10-11T01:01:19-07:00
카페모임,5,모바일적금가입,모바일로 적금가입해서 빠르고 편리함,2024-10-11T00:24:05-07:00
오나니대루,1,비대면 인증,신분증은 인식도 못하고 여권으로 겨우했더니 영상통화시간아니라고 튕기네요^^그럴거몀 처음부터 인증시간 아니라고 하던가요 여권겨우찾아서 햇더니^^ㅎㅎㅎㅎㅎ 어플거지같아서 우리은행에서 넘어왓더니 여기도 점점 거지같아지네 나같은 의견 많은데 개선은 왜 안해요?,2024-10-10T16:39:10-07:00
Doi0129,5,편한쏠,편리한쏠 폰뱅킹!!,2024-10-09T04:05:36-07:00
인천거주민1929,1,무슨 모바일 OTP만드는데,무슨 신분증 인증한다고 기다려달라해놓고 한~~~~~세월이 지나도 안바뀌네요 좀 렉 고치십쇼 제발,2024-10-08T01:51:18-07:00
이무디ㅋㅌ,1,신분증 인증,인식이 안되고 무한 로딩 됩니다 다른 은행들에 비해 한참 뒤쳐지는 소프트웨어,2024-10-05T22:32:40-07:00
Soonys,1,쏠뱅크 입출금 푸시알림 미리보기 안됨,"쏠뱅크 입출금 푸시알림 미리보기 안돼요.
아이폰 자체 설정은 미리보기 되도록 해놨고,
쏠뱅크 앱에서 잔액보기, 거래내역 다 보이도록했는데,
입금, 출금 시 “새로운 메시지가 도착했습니다.”라고만 나와요
고객센터에 물어봤는데 모르고 겁나 답답함",2024-10-04T22:13:10-07:00
kwontaiji,5,생체 인증 얼굴 밝기 조절부탁,"생체인증으로 얼굴로 로그인 실패도 있으며 밝기 컨트롤 자동으로 되서 밝아지는거 좀 안했으면 좋겠습니다
1금융 어플 다 쓰고있지만 신한만 그렇네요….",2024-10-03T09:28:44-07:00
호약,1,앱때문에 은행바꿀판,최악,2024-10-03T00:18:19-07:00
배혜윤,3,왜 신분증 인식이 안되나요,빛반사 이런거 전혀 없고 가이드라인에 맞추는데도 아예 인식이 안되서 계좌개설 조차 못하네요,2024-10-02T20:28:45-07:00
ㄴㅁㅎㅇㅈㄷㅎㄴㅈㅅ,1,어플 통합좀 해라 이 씨@것들아,뭐하나 제대로 되는것도 없네,2024-10-01T01:18:48-07:00
행복자금,5,안전한 금융거래,"글로벌시대 
안전한 금융거래 신한은행이 최고입니다.",2024-09-30T18:07:32-07:00
그지같네ㅇㅇㅇ,3,최악,신분증 인증도 안되고 계좌 있는데도 계속 영상통화인증하라고 뜨고 인증방식 최악 이렇게 불편한 은행어플 처음임,2024-09-30T06:49:27-07:00
망아gggg,1,인증 오류,공인인증서를 재발급 받아야 어플을 사용하던지 할텐데 신분증 인증하면 계속 로딩중만 뜨고 넘어가지를 않습니다 급하게 어플 써야하는 사람은 어떻게 하라고 자꾸 오류가 나는지..업데이트를 했는데도 먹통입니다,2024-09-29T19:04:23-07:00
초이안10,5,신한마리정기예금,정말 편리하고 안전하게 예금에 가입할 수 있어서 좋았습니다^^,2024-09-29T19:02:13-07:00
quqkdi,1,"카드는 모르겠는데, 주거래 은행앱으론 0점.","오랜만에 카드 발급 때문에 인출계좌 수정할 겸 깔았는데, ARS 인증에서 계속 막혔습니다. 온갖 스팸 전화 차단앱을 다 지우고 은행앱도 다시 깔아봤는데 도돌이표더군요. 화딱지나서 그냥 기존에 했던 카드 신청 취소하고 타은행 계좌랑 연결시켜서 다시 발급 신청했습니다. 제 기억상으론 2-3년 전에도 동일한 이유로 ARS 인증이 불가해서 지웠던 기억이 있는데 여전하네요. 카드는 몰라도 주거래 은행으론 앞으로 안 쓸듯 싶습니다…ㅎㅎ",2024-09-29T08:17:08-07:00
35$?&@&$,1,인증오류,아이폰16 민증찍기 오류 개심함,2024-09-28T03:08:13-07:00
별명746227,1,짜증나는 인증,"방식좀 바꾸세요ㅋ; 신분증을 어떻게 갖다대야 찍어줄건데 자동으로 찍어준다고 하질 말던가 열받게 하네 진짜

이거 1개 여러 번 못 다나? 추가로 겨우 찍었더만 이젠 수천번 인증하기를 눌러도 넘어가질 않네ㅋㅋ; 껐다 켜 새로고침해 재인증해 뭐 뭘 더 해줘야 넘어갈건데요? 안 넘어갈거면 로딩 돌아가는 건 왜 넣었지 진짜?ㅋㅋ 비유법 쓰면 못 알아먹을까봐 그냥 써야지 앱 진짜 못만들었어요 ㅋㅋ 1개도 아깝네",2024-09-26T05:08:14-07:00
별명 입력 안하고 싶다,4,아이폰16프로,아이폰16프로에서 신한인증서 비밀번호를 입력하면 그 화면 그대로고 다음 단계로 넘어가지 않아요…,2024-09-25T06:34:19-07:00
PlayingwithPower,1,비대면본인인증 작동안됨,무한로딩 ㅡㅡ,2024-09-24T19:34:47-07:00
ㄱㄴㄷ공유,5,스마트폰으로가입 쉬워요,가입이  쉬워요.,2024-09-24T19:03:58-07:00
만보걷기222,5,만보걷기 왜 걸음수가 안뜨죠 ㅠㅠ,"아이폰 15 쓰고 있는데 갑자기 만보걷기 걸음걸이가 체크안되서 건강앱에서 앱 권한 설정 다시 했는데
죽어도 안돼요 ㅠ",2024-09-24T07:10:54-07:00
Skim0709,5,신한앱,사용이 편리합니다,2024-09-23T21:52:19-07:00
낭만선생님,5,고마운 신한은행,항상 편리하게 이용 하고 있습니다.,2024-09-23T21:07:07-07:00
세규맘,5,예금가입 좋아요!,"예금가입 간편해서 좋아요!
이율도 좋아요!",2024-09-23T20:59:11-07:00
케이트는 슬퍼,3,어플이 안열려요,삭제하고 다시 깔았는데 어플이 안되는데요ㅠ,2024-09-23T20:26:48-07:00
뱌뱌뱌뱌뱜,1,얼굴 실명 인증,시간 내에 이체 못하면 다른 인증 방법이라도 있어야 하는 거 아닙니까? 주거래은행 바꿔야겠어요 쓰던거라 별 메리트 없어도 썼는데 이참에 바꾸겠습니다,2024-09-23T05:46:37-07:00
크리스탈50,5,적금,비대면 아주 편리하고 좋습니다!!,2024-09-22T22:52:10-07:00
로헛,5,간편예금 가입,은행에 방문하지 않아서 좋아요,2024-09-22T22:02:35-07:00
헤이즐넛 라떼,1,앱 실행 안됨,갑자기 앱이 시작이 안되어서 지우고 다시 받았는데도 실행이 안되네요. 은행 앱이 이러면 문제가 심각한거 아닌가요?,2024-09-22T20:43:05-07:00
쭈의짝,5,편함,쏠 어플로 은행 방문없이 적금 가입하기 편함,2024-09-22T20:32:05-07:00
쩡꾸79,5,최고에요,처ㅣ고에여,2024-09-22T06:48:23-07:00
끄적이6546,1,앱인증방식 최악!!!,이런류 리뷰를 남겨본적이 없는데 인증에 오전시간 모두 날리고 열받아 적습니다. 은행 거래를 끊어버리고 싶네요.,2024-09-21T21:35:20-07:00
천사오구,5,가입 간편합니다,가입간편합니다,2024-09-21T15:48:52-07:00
물먹는대지,1,쓰고싶어도 쓸수가 없네요,"인증 하려고해도 인증할수가 없게 해뒀네 이앱은
비대면인증이라면서 안된다고뜨고 
그럼 되는방식을 만들어두던가",2024-09-21T05:54:38-07:00
조이08,5,편리합니다,설명도 쉽고 빠른 진행으로 매우 편리합니다,2024-09-20T22:44:32-07:00
작업실귀신,3,키패드 오류,인증서 발급받으려고 하는데 비밀번호 입력에서 키패드가 뜨지 않습니다. 확인부탁드려요,2024-09-20T01:32:08-07:00
승상청용차,3,잘쓰고있었는데 오류가 있습니다,ios 17.7로 올리고 오류생긴것같은데 슈퍼쏠은 애초에 오류로 들어가지도 못하고 이 앱은 페이스아이디 잘만 사용하고있었는데 갑자기 인증이 안되고 단말기 자체 페이스아이디가 등록이 안돼있다고 등록 먼저 하라는데 난감하군요 페이스아이디 말고 앱에서 인증하는 얼굴인증은 인식률 매우 낮습니다... 사용못할정도,2024-09-19T23:16:48-07:00
상동꽃미남,5,적금가입,믿고 맡겨 보아요,2024-09-18T23:35:18-07:00
어우듀윺ㅌㅍㅌ,5,비대면 인증 인식,"하루가 멀다하고 인식이 잘 안 돼서 재등록을 해야함
공인인증서 인증할 때는 애플 페이스 아이디 쓰면서, 자체 앱 로그인은 신한은행 얼굴인식으로 함. 왜 2개를 혼용해서 씀??? 주제파악이 조금 필요할듯해요. 애플만큼 기술력 안 좋아서 같은 얼굴도 5분 전에 인식되고 5분 뒤에 인식 실패해서 재등록 해야하는데 앱 개발자가 이 앱 안 썼죠? 그냥 아이폰 페이스 아이디 쓰는게 어떤지 진심으로 ㅋㅋ",2024-09-18T23:23:16-07:00
개선해주세료,1,오류 개선,"어플에 들어가지 못 하는 경우가 많고 버퍼링 걸리는 시간도 깁니다. 개선 필요할 것 같습니다.
입출금 기록시 메모 기능 다시 살려주시면 좋을 것 같습니다.",2024-09-18T21:44:41-07:00
뭐후달리냐,5,포인트 제도,"문제도 풀고 포인트도 쌓고
너무 좋아요",2024-09-18T15:53:45-07:00
으아아ㅏ앙아ㅏ,1,ios18 올리고 갑자기 오류남,기기인증 어쩌고 하면서 오류 뜨는데 빨리 해결해주세요;;,2024-09-18T15:43:01-07:00
Perfumewave,4,사용하기 편안합니다,아이폰애서는 사용하기 편안하던데 아이패드용으로는 지원계획이 없는지 궁금합니다,2024-09-16T20:38:02-07:00
수요일엔빨래를,1,상품가입이 불편합니다,카뱅이나 케이쟁 같은 인터넷 전용 뱅크와 비교해서 불편함이 많습니다. 인터페이스 개선이 필요합니다. 뒤로가기 기능 등도 좋지 못해 다시 첨부터 진행해야해서 짜증 유발,2024-09-12T17:55:17-07:00
dndjkxkfnsnnemrntbgbgnznnsmsm,1,짜증나서 신한은행 안씀,"장난하는 것도 아니고 무슨 인증한번하는데 얼굴인식 신분증촬영에 영상통화까지 시키네 ㅋㅋㅋㅋㅋㅋㅋㅋ
거기에 렉은 또 오지게 걸려서 처음부터 다시해야 되고 돈은 그렇게 받아쳐먹으면서 이런거 하나 안고치내 어휴 ㅉㅉ",2024-09-12T17:35:38-07:00
상큼 공주,5,신속 정확 쉬운 사용법,신속. 정확. 쉬운. 사용법. 편리함,2024-09-12T09:46:10-07:00
항냥냥,1,이 어플 화딱지 존나남,"비대면 예적금 통장 개설 하려고 민증 사진 찍었으나 계속 안된다고함 빛반사 번짐 홀로그램등 안나오게 잘찍음 근데
계속 안된다고 하다가 껏다 키고 다시 하니까 바로됨

전화번호 변경 해야 된다 해서 신한 다른 어플로 이동시킴
번호 변경함

 그 전에 진행중이었던 쏠 어플 입력한거 초기화됨

다시 처음부터 민증 사진 다시 찍고 어쩌고 저쩌고 존나함

직장 주소지 등록 하라고함 재직증명서와 네이버 검색을 통해 주소 입력함 없다고 뜸 아니 분명 재직 증명서랑 네이버에 주소 떡하니 뜨는데 안나옴 중견기업임 우리 회사가 유령 회산가?

이건 안되겠다 싶어 상담원 연결 하려니까 업무시간 끝남

개빡치게 앞에서 민증사진 바로 통과 시켜주고 진행중이었던
정보 초기화만 안됐어도 상담원 연결 되는건데

오늘 10회 넘었다고 내일 다시 시도하라네 하",2024-09-12T05:16:39-07:00
가보사랑,5,간단,명료,2024-09-12T03:39:49-07:00
우후우후훗,1,갑자기 얼굴인증 다시하래,"바꾼적이 없는데 왜 얼굴정보가 변경되었다면서 다시 등록하라는건가요?

페아 바꾸지도 않았는데 귀찮지만 다시해야지 했는데
신분증도 다시찍어야하고
시대가 어느땐데 모바일신분증이랑 연동도 안되고

그건 그렇다 치는데 왜 영상통화를 해야하는거죠??",2024-09-11T22:48:52-07:00
seeunii,1,앱 쓰기가 너무너무너무 불편합니다,"통장 먄들기위한 주민등록증 인식, 얼굴인식 등
수십번을 해야 겨우 되네요.
여러 은행 모바일앱을 사용하지만
이렇게 쓰기 불편한건 처음이네요.
빨리 개선이 필요해 보입니다.",2024-09-09T22:38:28-07:00
고맙습니다ㆍ,5,신한은행 최고의 은행,"펀드 예 적금 
모두 최고 로 좋습니다
항상 응원 합니다

고맙고 고맙습니다

카드 금리 할인도. 많은 해택 주셨으면
좋겠다는 간절한 바램도 있어요

항상 고맙고 고마운 마으에. 생이 끝날때
까지 받은 은혜 갚으면서. 항상곂에 있고싶습니다 ㆍ

정말 고맙습니다 ㆍ저희 가족 모두요",2024-09-09T20:05:22-07:00
개똥같으니라고,1,비대면 인증 되기는 함?,".. 진짜 욕나올정도로 짜증나네 
신분증 맞춰도 인식 개똥이네",2024-09-08T00:30:47-07:00
Jour d'été.,1,접속이 안 되네요.,어플 접속이 아예 안 됩니다. 빠른 해결 부탁드려요 :(,2024-09-06T03:13:58-07:00
ㅅㅇㄱㄷㅇㄱㅂ,5,편안함,의외로 걱정했는데 설명이 자세하게되어 손쉽게 가입했습니다.,2024-09-06T01:15:55-07:00
박미현 happymihyun,5,늘 편리하게 이용하고 있어요,늘 편리하게 이용하고 있어요,2024-09-05T17:00:48-07:00
아아아야야ㅏㅇ,1,개불편함,개빡침진짜로,2024-09-03T05:27:09-07:00
디스이즈낫댓,3,기프티콘 결제 안됨,"기프티콘 구매하려고 신한은행 들어가서 기프티스타로 연결됐는데, 주문이 성공했다고 해서 그럼 쿠폰이 사진건가 했더니 아닙니다. 결제가 안됐다고 해서 결제하려고 하니 sol페이 등록이 안됐다고 합니다. 등록하려고 하니 팅깁니다. 쓰지 말아야할까요..? 결국 Bc 페이북 가서 샀습니다. 훨씬 편하네요 ..
그런데 후기 작성하려고 앱스토어 들어왔더니 신한 앱 왜이렇게 많나요..? 슈퍼쏠이나 일반 신한은행 앱이나 다른게 먼가요.. 경량화 해주세요 헷갈려요",2024-09-03T01:30:39-07:00
우리승리,5,신한은행 첫 거래,첫 거래 기대됩니다.,2024-09-03T00:56:33-07:00
모르겟2,1,접속이안되요,"어플 누르면 접속 자체가 아예안되고
다시 깔아도 안되고 몇일 전부터 계속 이러는데ㅜ 원인이 뭘까요.....",2024-09-02T22:23:30-07:00
슈빠맘,4,UI,절차 이해가 쉽습니다.,2024-09-02T21:15:04-07:00
신한은행 기부천사(강제),2,신한 쏠,"일단 디자인이 너무 난잡함
간단한 계좌 이체도 잘 안됨
오류 수정을 잘하지 않음
고객센터 문의도 제대로 받지 않음
신한으로 입금은 되는데
송금/출금을 여러 이유를
붙여가며 막음 
로그인 과정이 복잡

요약 
출금이 안된다
계좌 이체가 안되어 완전이 돈 저금,
기부 천사가 되었잖앙~ ☘️☘️ 러키비키네",2024-09-02T08:34:04-07:00
이지티켓 돌려줘,1,Sol 때문에 신한 거래 끊었는데,어쩔수 없어 다시 깔았는데.. 찾기도 힘들고 체크카드 연결 계좌 변경한지 몇일이 지나도 답도 없고.. 뱅킹에서 뭐만 누르면 카드로 넘어가고 해결도 안되고.. 고객 편의가 아니라 영업용으로 만든거 같음. Sol땜에 신한은행 쓰기가 싫어짐,2024-09-01T22:42:55-07:00
돌차반,5,적금 가입,"절차에 따라 하나하나 체크.
쌓여가는 내 목돈.
만기 후 재가입.",2024-09-01T21:18:26-07:00
토리~~,5,적금,매주 요일 선택 적금이 보이지 않아요…궁금합니다~^^,2024-09-01T17:50:18-07:00
요브로걸,1,앱의 기능이 너무 많다,기능이 많은 것에 비해 직관젓이지 않아서 내가 필요한 기능을 쉽고 한 눈에 파악하기 어렵다,2024-09-01T13:52:06-07:00
예금6543,1,별로예요,볼 거 없어요,2024-09-01T00:39:54-07:00
아스피르,1,비대면 실명인증 왜이렇게 만듬?,계좌 하나 만들려니까 비대면실명인증+영상통화를 3번이상하게 만드는데 5분동안 영상통화 2번하고 또 영상통화 하라니까 짜증나서 그냥 만들려다 때려침,2024-08-31T23:28:41-07:00
준원2,4,로컬네트워크 찾기 설정 뜨고나서부터 앱 실행이 안돼요,로컬네트워크 찾기 설정 뜨고나서부터 앱 실행이 안돼요,2024-08-31T21:45:20-07:00
오퐝오퐝,5,이체 문제,이체할려구 하는데 업무프로그램 수행중조작오류가 발생했다고 뜨는데 어떡해 해야되나요? 해결 방법 좀 알려주세욥,2024-08-31T11:41:10-07:00
원희🤖,1,아니,인증번호가 일치하지 않다는데 어쩌라는거임???,2024-08-31T01:19:17-07:00
PJT007$,5,좋아요,아주좋아요,2024-08-31T00:18:02-07:00
ahsp3704,4,앱에서 로컬 네트워크 기기와 연결,"신한은행 앱 정말 잘 사용하고 있었는데요 앱에서 로컬 네트워크 기기와 연결할 거냐는 팝업이 떠서 [예]를 클릭했는데 그 이후로 로딩 화면만 나오고 앱이 자동 종료됩니다 ㅜ 앱 설정에 들어가서 로컬 네트워크 기기와 연결 해지를 해도, 앱을 삭제하고 다시 깔아도 앱이 자동 종료됩니다 ㅠㅠ",2024-08-30T03:01:39-07:00
다들 한번 읽어봐봐,1,진짜 개빡침,"몇 번을 오류 났다하고 얼굴 인식은 네번을
못 하고 만들다가 화나서 진짜 하",2024-08-29T22:07:09-07:00
카사브랑카,5,스마트적금 솔뱅크 가입 완료,"안녕하세요?
젊은이들처럼 ,인터넷사용 만만치 않지만 
시대따라 잘 적응하며 시간 절약, 직접 은행 창구에서의
업무를 솔뱅크에서 할 수 있었습니다..

신한른행 ARS 직원들의
친절한 안내로 스마트 적금 상품을 기입 완료 할 수 
있었습니다 

감사합니다.",2024-08-29T18:55:49-07:00
화성인,5,비과세혜택적용이 아쉽네요,비과세적용은 많아야할듯한데 조선이 너무 제한적이네요,2024-08-29T03:30:39-07:00
그저 그렇게,5,금리,금리 확인이 쉬었으면 좋았겠습니다.,2024-08-28T23:20:54-07:00
GaruPP,5,신분증이 문제인가 어플이 문제인가,인증 절차 과정에서 신분증을 확인 할 수가 없다고 하는데 운전면허증에서는 오른쪽 아래 6자리코드가 숫자 0과 영문자 O가 제 눈으로도 구분하기 어렵게 되어있네요 카메라에서 글자 인식과정에서 그렇게 틀릴수도 있는데 이 부분은 어떻게 개선 할지 확인이 필요해 보입니다.,2024-08-28T06:38:30-07:00
호미자루영,5,간편해요,알기쉽고 편리하게 잘 했어요,2024-08-28T00:55:49-07:00
알버트까뮈,5,편하고 좋은데요,"예금 만기가 되어 해지하고 재 예금하기를
신한 SOL사용하여 진행하니 아주 편하고 좋습니다
감사합니다",2024-08-27T17:54:49-07:00
shj320@-@,1,아니,뭔 민증 인증하는데 이리 오래걸려? 아오 짜증나죽겠네,2024-08-26T22:03:04-07:00
Be돌,1,토스 미만 잡,따라오려면 10년은 더 걸릴듯ㅋㅋ,2024-08-26T21:21:42-07:00
Kaisrs,1,Elt 보상 25프로,무리하게 가입 시켜놓고 잘 해주는 척 하더니 고작 보상이 25프로? 대책 더 내놓지 않으면 앞으로 신한은행 쓸일도 갈일도 없을듯. 4천을 까먹는게 말이되???? 주식을 해도 이렇게는 안까먹겠다. 퉤.,2024-08-26T06:47:43-07:00
고구마속,3,어플 먹통,몇일전부터 어플 접속이 안되는데요.. 삭제했다가 재설치해도 똑같아요. 대신 슈퍼쏠 어플 설치해서 사용하고 있는데.. 신한은행은 어플알림도 안오고 아무것도 안됩니다.. 저만 이러는 것 같은데 이거 어디에 문의를 해야하는거죠ㅠㅠ,2024-08-26T01:47:45-07:00
히야긴스,4,편하고 안전해요,"아주
간편한 쏠!!
고맙고 감사해요 ~~^^",2024-08-23T20:27:14-07:00
릴리딸,5,친구 권유로 가입. 다음에도 …,"친구가 권유할땐 그닥이 였는데 메시지 확인하다가
가입하네요.
추후에도 눈에 띄면 가입 할 듯 합니다.
좋은 이율로 보답해 주세요.",2024-08-23T20:01:14-07:00
Dooh56,1,"카메라, 마이크 인증 불가",아이폰 유저들은 모바일 otp를 사용하지 말라는건가요? 설정에서 카메라랑 마이크 사용 승인이 불가능한데 뭐 어떻게 하라는건지 모르겠네요. 하루빨리 개선해주시길 바랍니다,2024-08-23T01:16:13-07:00
허브1,1,얼굴인식,얼굴인식이 안되는 기종이면 사용 못하는건가요????,2024-08-22T18:34:20-07:00
kml999,5,다양한 상품,혜택이 많아서 좋아요.,2024-08-21T03:48:37-07:00
짱구🌼짱이,5,사랑 신한은행,"오랜친구 신한은행 감사합니다.
직원분들도 모두 친절하시고
무엇보다 견고하고 튼실한 
재정튼튼한 신한은행 믿음이 가서
더 좋아요~",2024-08-20T21:19:33-07:00
짱미소,5,친전하고 좋았습니다,"빠르네요
적금 이율도 높고요",2024-08-20T19:26:14-07:00
로기1,5,사용이 편합니다,사용자위주의 편의성을 제공 합니다,2024-08-20T17:36:23-07:00
겨우 한 가닥의,4,우대금리적금,적금을 적극적으로 성공하는 것이목표입니다,2024-08-20T03:08:06-07:00
또달려요?,5,상품 좋아요,"가입 편리하고 
작성도 편해요",2024-08-20T02:34:29-07:00
민트맛종이,5,신속하고 친절한 업무처리에 감사합니다.,😀,2024-08-19T23:33:14-07:00
꿈돌이6912,5,돈 모아 여행가자,좋은 정보. 감사합니다,2024-08-19T01:58:48-07:00
Acnny,1,최악 …,"콜센터 전화했더니 AI 상담사가 이체한도 증액을 앱으로 하라고 안내함. 앱으로 증액 시도했더니 앱 멈춤. 아무리 반복해도 계속 멈춤. 다시 콜 센터 전화. 결국 은행 창구 방문하라고 함… 

신한은행은 은행지점 이용을 유도할 목적으로 ai상담사와 앱을 만들어놓음.",2024-08-19T01:14:01-07:00
너무함!!!!!!,1,쓰레기,신한계좌 있어야만 카카오 sol 뱅크로 보낸돈 받기 가능함. 신한계좌 없는사람은? ㅗㅗ,2024-08-18T21:02:39-07:00
Wksodiaoa,1,비대면 실명 인증,신분증 인식을 못하는데 대체 어떻게 은행 업무를 보라는 건가요? 빛 반사랑 배경 다 신경 써도 안 되는데 이게 사용자의 잘못인가요?,2024-08-18T19:48:34-07:00
별명왜다사용,1,이거 이상하네요,저는 신한은행 어플만 다운로드 했는 왜 페이 어플까지 다운로드 되는거죠?,2024-08-18T16:40:42-07:00
V**(^o^)**V,5,창립 42주년 적금 최고,이율이 최고 7.7%라니 너무 좋아요,2024-08-18T00:27:47-07:00
Ram2gee,1,신분증 인식,"하루 종일 걸리고 인식 안된다고 합니다.
타행 앱 사용할 때 한 번도 안된 적 없습니다.
어두운 배경에 빛반사 안되도록 하는 것 상식이고 애초에 자동으로 인식하여 찍혀서 넘어갔는데 왜 인식이 안됩니까?
하루종일했는데 결과는 안되네요. 이러면 앱 서비스 왜 하십니까.. 창구만 하시지
개선 부탁드립니다.",2024-08-16T01:19:27-07:00
송영대,5,정아름 상담원님 친절한 상담 고맙습니다.,"정아름 상담원님 친절한 상담 고맙습니다.
큰 도움이 되었습니다.",2024-08-16T01:12:15-07:00
9층대박,5,간편하고 쉬워요,간편하고 쉬워요,2024-08-15T22:07:37-07:00
행복한여행자😀,5,은랭어플 중에서 가장 빠르고 가벼움,딜레이가 없어서 너무 좋음,2024-08-15T08:24:39-07:00
옹달샘새,1,맨날 갈아엎기만하고,사용성은 거지같네. 지들이써봐라 답답해죽겠다,2024-08-14T23:10:00-07:00
보옹신,1,문자인증이 20번넘게 해도 안된다?,"개발자 문제가 심각하네요 
유지보수가 잘 안되나요? 
이런 인증 하나조차 제대로 안되니 신용할수가없네요",2024-08-14T03:30:26-07:00
신또로롱,5,적금 들었어요,굳,2024-08-13T02:15:58-07:00
jjam740405,1,복잡해서 사용하기불편함,복잡해서 사용하기불편함,2024-08-12T01:28:57-07:00
토니누나,5,이수연 직원분 너무 친절하심,좋은 상품을 가입하고 싶은데 핸드폰 가입이 잘 안돼서 은행방문하니…. 친절하게 잘 설명해주시고 도와 주셔서 잘 가입함,2024-08-12T00:29:35-07:00
해피섬남,5,가입절차,가입절차 안내가 편리하고 좋습니다.,2024-08-11T19:19:01-07:00
소지개,5,가입절차,간단해서 좋아요,2024-08-09T16:36:04-07:00
👍🍀👌🍓,5,든든한 신뢰👍👍👍👍👍,🍀👌🍓👍,2024-08-09T05:28:14-07:00
귤민,5,은행 바꾸렵니다,신분증 인증만 30번을 넘게 했는데 되지도 않고 화만 나네요 이렇게 하실거면 그냥 사진 찍어서 올리라고 하거나 pass랑 연동해서 하면 안되나요? 리뷰 잘 안쓰는데 너무 화나서 리뷰 남겨요,2024-08-09T01:22:50-07:00
이유찬임,1,개쓰레기앱,"진짜
리뷰 첨달아봄. 인증방식이 개쓰레기임 진짜로 ㅋㅋ
사용자가
직접 사진을 찍게하든지 해야지. 신분증
인식도 더럽게 못하면서 자동촬영 ㅋㅋㅋㅋㅋ개웃기네 이거땜에 안쓴다 ㅅㄱ해라",2024-08-08T21:49:33-07:00
우성68,1,무슨 얼굴인증하라고 하면서 자꾸 인증안된다고 사용도 못하게 되어 있네요.,개인정보 확인은 어쩔수 없다지만 얼굴인증은 무슨 정신나간 인증인지...,2024-08-08T19:54:01-07:00
재미를위해서,1,개똥같네진짜 왜자꾸안들어가지는거,??이유가뭐죠 왜 화면이정지인가요,2024-08-08T01:57:39-07:00
thtksk,3,에러,오픈뱅킹시 에러가 나서 상품가입하는데 오래걸렸어요 ㅜ ㅜ,2024-08-07T23:56:27-07:00
다 질될거야~~,5,적금,좋아요~~,2024-08-07T21:30:20-07:00
hye.s,1,비대면 실명확인 너무 안됩니다 아 진짜 짜증나네,3일째 하루에 4-5번은 하는데요 여태 된 적이 없습니다 다른 은행은 바로바로 되는데 이렇게 안되는 은행어플은 처음이네요 너무 답답해요 근처에 은행지점도 없는데 갈 수도 없고 빛 번짐 현상 없게 해도 안되고 어두운 천을 깔고 해도 인식도 못하고 뭐 어떻게 하라는건가요,2024-08-07T18:29:11-07:00
단호박감자빵,2,일주일째 사용 불가,"일주일 넘게 어플 접속조차 불가능해요. 몇 번이나 삭제했다가 다시 설치도 해봤고, 와이파이 데이터 모두 안되고 백그라운드 어플을 모두 삭제해도 안되네요. 일상에 지장이 너무 큽니다 얼른 해결 부탁드려요",2024-08-07T05:29:56-07:00
ㅁㄴㅇㄹㅎㅇㄴㅁ,1,ㅇ,알림 도대체 몇달을 안오는거냐?? 개쓰레기앱,2024-08-07T04:00:51-07:00
ㅆㅆㅆㅆㅆㅅㅃㅃㅃㅃㅃㅂ,1,로딩이 안되고 자꾸 튕겨요,주거래 은행인데 아예 사용이 안돼요. 제발 빨리 고쳐주세요,2024-08-06T21:58:58-07:00
우대금리별별이,4,빠르고 좋아요~^^,"빠르고 편리하지만, 금리우대시 적용되기 쉬운 조건이라면 훨씬 많은 사람들이 가입하지 않을까요?
3.4% 라고 해서 가입하려고 보면, 우대 조건이 꼭 있고,, 우대 조건에 충족되지 않을때, 원래 받아야하는 우대금리를 혼자만 못 받은것 같아, 아쉽고 속상한 마음이에요~~ㅠㅠ",2024-08-06T19:26:13-07:00
psk4734,5,정기적금,"새로운 상품이 자주 나왔으면 좋겠다
넘넘 감사합니다 감사합니다 수고하세요",2024-08-06T18:27:27-07:00
라볼루,5,좋은상품,좋은상품가입하게되어 좋습니다,2024-08-06T17:49:25-07:00
쭈니유니~,5,가입이 간단해서 조아요,"알림받고 상품이 좋아서 바로 가입했어요
우대금리가 너무 좋고 외화예금이 있었는데 관계없이 받을수있네요
가입도 매끄럽게 진행되어 바로 완료되었고 추천인 코드를 넣고 싶은데 추천인이 없어 아쉬울뿐 
아들에게도 가입 권하려구요",2024-08-05T23:48:00-07:00
견뎌버텨,1,모바일신분증 진짜 화나게하네요?,모바일 신분증 안만든사람은 어쩌라고 지금 인증방식을 그것만해두면 어떡합니까? 바쁜데 사진으로 인증되게 좀 하세요 제발 모바일신분증 발급 받을 생각없는데 지금 그것때문에 평일에 은행방문하거나 모바일 신분증 발급받으라는거에요? 또 신분증 반납하러 경찰서나 자동차학원 그 먼 거리를 가라는거에요? 시골은 바로옆에 은행있고 그런거 아니거든요? 폰 한번 바꾸면 발급을 이것저것 다하라는거에요? 화나서 진짜 이체를 못해요 이거때문에 장난하는것도아니고,2024-08-05T19:39:48-07:00
연구르미,3,들어가지지가 않습니다 도와주세요,몇 년간 써왔는데 엊그제부터 아무리 삭제하고 다시 다운받아도 쓸 수가 없습니다… 😭 첫 화면 이후로 들어가지지가 않아요,2024-08-04T23:07:04-07:00
샤이공뭔,5,편리합니다,간편하게 예금 가입했어요 정말 편리하네요 신한은행 정말 좋아요 ㅎㅎㅎ,2024-08-04T20:54:47-07:00
리뷰를 보겠다는거죠??,2,왜 다시 처음으로 돌아가나요??,어플로 가입중에 잠깐 다른거하고 왔더니 다시 상품찾고 처음순으로 그대로 해야히네요....,2024-08-04T20:41:52-07:00
앨130,1,진짜 앱 업데이트 되면서 신한카드 해지 마음먹음,"신한 신용카드 잘 쓰고 있었는데 이번달 사용 금액 확인하려고 들어갔더니 
업데이트 되면서 아예 로그아웃되고 인증 처음부터 다시해야함
계정 로그인 하고나서도 들어가서 추가로 다시 핸드폰 인증이랑 신분증 인증 여러번 함
진짜 리뷰 잘 안남기는데 이번건 좀 지나치게 심하다 생각해서 리뷰 남김 이번달 이후로 앱 때문에 신한카드 해지할거임",2024-08-02T04:51:15-07:00
금융쿠폰 좋아요^^,5,좋아요,좋아요,2024-08-01T20:41:36-07:00
아쿠냊,1,앱 안 켜짐,며칠 전부터 앱을 키면 첫화면만 나오고 아예 들어가지질 않아요,2024-08-01T18:43:40-07:00
언어예절,3,인증번호 불일치 오류,"좀 고쳐주세요;;; 한두 번도 아니고..
—-
특정 상황을 저도 특정하지는 못 하겠는데,
계좌를 개설하는 과정에서 발생했고,
여러 번 오류가 발생하길래 어플을 종료 후 다시 진행하였더니 해결됐습니다",2024-08-01T08:43:19-07:00
fkend03,1,인증번호가 자꾸 틀리다고 나와서 가입도안돼요,전화번호 넣고 인증번호 요청하면 문자 온 그대로 몇번이고 확인해서 인증요청 했는데 계속 틀리다고 떠요 도대체 가입을 하라는건지말라는건지.... 지금 몇 번 시도 끝에 포기하고 리뷰 남깁니다.,2024-08-01T04:30:56-07:00
헐헐헐-_-,4,좋네여,신한이 제일조아여,2024-07-31T23:49:07-07:00
칼캐논,5,소감,빠르고 좋습니다,2024-07-31T18:00:39-07:00
리치백수123456,1,오늘 갑자기 접속이 안돼요,왜 그러는 걸까요? 위치 관련한 안내창이 뜨길래 수락했는데 그 후로 접속이 안되고 있어요,2024-07-31T09:01:49-07:00
루나 1,3,예금 보기가 힘드네요,"노인이라 예금 보기가 넘 복잡해요
간단히 선택할수 있음 훨씬 좋을듯요",2024-07-31T01:14:32-07:00
밍환불,2,앱 접속이 안되는데 어떡하나요,첫 시작 화면에서 안들어가진지 3일째입니다,2024-07-30T17:17:42-07:00
싱항,1,진짜최악,욕지꺼리 나오네요 개발자들 다 때려치세요,2024-07-30T07:00:09-07:00
"오리날다""",5,이름값하는  최고  은행,이름값하는  최고,2024-07-30T05:10:00-07:00
양모199,5,은행앱사용,"은행 예금 상품 가입이 쉽게 설명해줘서
편하게 모마일로 가입했어요.",2024-07-29T22:29:30-07:00
뿔렁이,1,복잡함,"너무복잡하고 어려움
만기해지시  자동으로  입금되는  탭추가필요할것으로  판단됨",2024-07-29T22:17:30-07:00
jjhana78,5,적금가입,간편하고 설명두 잘돼있어서 가입이 편하네요,2024-07-29T19:32:01-07:00
dou!!,5,금융인증서 갱신시 불편,"금융인증서 갱신할때

새로 나온 신한슈퍼sol이 이미 신한은행어플의
기능을 대신하고 있는데 
굳이 구 신한은행 어플을 통해야 하는 부분
개선 바랍니다",2024-07-29T05:32:20-07:00
홀롤올ㄹ롱ㄹ,1,뭐하자는 겁니까,저는 첫 휴대폰 생겼을 때부터 번호가 계속 같은데 예전과 전화번호가 달라졌다고 변경 인증하라는 건 무슨 말입니까?,2024-07-29T03:51:56-07:00
삼길이,5,정보마당,"좋은상품이 있으면 커톡 같은 정보를 전달해주세요
좋은정보 감사드립니다",2024-07-28T23:40:12-07:00
리힐리,4,상품,신상품 가입절차가 편해요,2024-07-28T18:26:12-07:00
7890@?,4,감사합니다,더좋은 상품으로,2024-07-28T05:53:12-07:00
남아오거서,5,감사,감사합니다,2024-07-27T20:51:05-07:00
진선미예,5,가까운 은행  신한은행입니다,신한은행은 회사 1층에 자리잡고 있어서 좋고  외화 적금도 할수 있어서 좋아요!,2024-07-27T15:01:49-07:00
ㅂㅈㄷ츄ㅜ,1,너무불편해요,반복 입력이 너무 많아요,2024-07-27T02:20:35-07:00
어림없지롱,4,적금가입편라함,적금가입이 아주 편리합니다,2024-07-26T18:26:54-07:00
알ㄹ후,1,상품서비스 알람 꺼놨는데,광고문자 그만 쳐보내 뒤지기 싫으면,2024-07-26T07:50:41-07:00
쩜점쩜점,1,비대면 인증 오류,"비대면 인증 인식이 이렇게 안 되는 은행은 처음입니다
이전부터 관련 내용이 많았는데 왜 개선이 안 된건지 모르겠어요
상품이 좋아도 가입이 안되니...",2024-07-26T06:11:58-07:00
